Name,Votes
Chase Oliver,"6,428"
Robert Kennedy Jr,"5,348"
Jill Stein,"4,919"
Lars Mapstead,"4,600"
Josh Smith,"3,821"
Cornel West,"3,237"
Michael Rectenwald,"2,797"
Donald Trump,"2,442"
Jacob Hornberger,"2,250"
Michael Ter-Maat,"2,194"
Marianne Williamson,"1,647"
Claudia De La Cruz,"1,600"
Joseph Biden,"1,248"
Ron Desantis,"1,110"
Andy Williams,"1,096"
Nikki Haley,898
Tom Ross,670
Cenk Uygur,653
Dean Phillips,644
Shiva Ayyadurai,563
Frank Lozada,505
Jorge Zavala,438
Emanuel Pastreich,320
Jason Palmer,230
Terrisa Bukovinac,160
Gabriel Cornejo,148
Ryan Binkley,118
Joseph Maldonado,114
Michael Wood,109
Stephen Lyons,108
Jimmy Cooper,80
Willie Carter,58
Angeline Payne,58
Wayne Pope Sr,48
Hirsh Singh,34
Eric Boerner,32
Michael Bickelmeyer,32
Susan Resch,31
Walter Clapp,28
Armando Perez-Serrato,21
Christin Powers,16
Charles Camilleri,16
Timothy Villari,15
Travis Lang,15
Susan Buchser-Lochocki,14
Jim Norris,14
Corey Stapleton,11
Steven Kross,11
Rollan Roberts,7
Jesus Torres,3
Daniel Imperato,2
Earl Jackson,0
