Name,Votes
Chase Oliver,"9,299"
Robert Kennedy Jr,"7,729"
Lars Mapstead,"7,559"
Jill Stein,"7,049"
Peter Sonski,"6,833"
Josh Smith,"6,241"
Michael Ter-Maat,"5,810"
Cornel West,"5,313"
Michael Rectenwald,"4,135"
Donald Trump,"3,958"
Jacob Hornberger,"3,392"
Nikki Haley,"2,660"
Marianne Williamson,"2,381"
Claudia De La Cruz,"2,253"
Joseph Biden,"2,201"
Charles Ballay,"1,744"
Andy Williams,"1,274"
Dean Phillips,"1,220"
Cenk Uygur,"1,001"
Terrisa Bukovinac,898
Tom Ross,822
Shiva Ayyadurai,737
Jorge Zavala,563
Frank Lozada,562
Emanuel Pastreich,404
Ryan Binkley,332
Vermin  Supreme,327
Michael Wood,319
Jason Palmer,277
Joseph Maldonado,179
Gabriel Cornejo,168
Sorinne Ardeleanu,138
Jimmy Cooper,123
Stephen Lyons,111
Angeline Payne,107
Willie Carter,99
Walter Clapp,83
Hirsh Singh,75
Wayne Pope Sr,67
Eric Boerner,65
Michael Bickelmeyer,64
Tony Jones,57
Susan Resch,55
Corey Stapleton,52
Joseph Foreman,43
Doug Jenkins,43
Timothy Villari,41
Jasmine Sherman,40
Susan Buchser-Lochocki,39
Jesus Torres,38
Robby Wells,38
Christin Powers,36
Jim Norris,33
Rollan Roberts,32
Daniel Imperato,27
Robert  Cooke,25
Armando Perez-Serrato,22
Travis Lang,19
Alander  Pulliam,18
Brittany  Jones,18
Charles Camilleri,17
Steven Kross,16
Ian Netupsky,15
Suzzanna  Tanner,11
Anthony  Hudson,9
Earl Jackson,7
Andre  Nero,1
