Name,Votes
Claudia De La Cruz,"14,650"
Chase Oliver,"9,789"
Jill Stein,"9,139"
Cornel West,"9,025"
Robert Kennedy Jr,"8,289"
Lars Mapstead,"8,126"
Peter Sonski,"7,169"
Josh Smith,"6,598"
Michael Ter-Maat,"5,907"
Michael Rectenwald,"4,330"
Donald Trump,"4,192"
Jacob Hornberger,"3,580"
Marianne Williamson,"3,293"
Nikki Haley,"2,871"
Joseph Biden,"2,548"
Charles Ballay,"1,944"
Cenk Uygur,"1,766"
Dean Phillips,"1,391"
Andy Williams,"1,359"
Terrisa Bukovinac,"1,003"
Tom Ross,904
Shiva Ayyadurai,846
Jorge Zavala,719
Vermin  Supreme,668
Frank Lozada,589
Jasmine Sherman,575
Emanuel Pastreich,514
Ryan Binkley,343
Michael Wood,338
Jason Palmer,323
Joseph Foreman,277
Gabriel Cornejo,274
Sorinne Ardeleanu,240
Joseph Maldonado,239
Jimmy Cooper,148
Brittany  Jones,139
Angeline Payne,125
Stephen Lyons,115
Willie Carter,114
Robert  Cooke,97
Walter Clapp,87
Wayne Pope Sr,86
Hirsh Singh,78
Tony Jones,70
Eric Boerner,65
Michael Bickelmeyer,64
Susan Resch,55
Christin Powers,53
Jesus Torres,52
Corey Stapleton,52
Doug Jenkins,50
Susan Buchser-Lochocki,45
Armando Perez-Serrato,44
Timothy Villari,41
Robby Wells,38
Jim Norris,35
Rollan Roberts,34
Daniel Imperato,31
Ian Netupsky,22
Suzzanna  Tanner,22
Charles Camilleri,22
Travis Lang,20
Alander  Pulliam,18
Steven Kross,16
Anthony  Hudson,11
Andre  Nero,10
Earl Jackson,10
