Name,Votes
Chase Oliver,"8,964"
Robert Kennedy Jr,"7,193"
Lars Mapstead,"7,037"
Jill Stein,"6,731"
Josh Smith,"5,006"
Cornel West,"4,957"
Peter Sonski,"4,853"
Michael Ter-Maat,"4,354"
Michael Rectenwald,"3,749"
Donald Trump,"3,388"
Jacob Hornberger,"3,198"
Marianne Williamson,"2,206"
Nikki Haley,"2,174"
Claudia De La Cruz,"2,142"
Joseph Biden,"2,010"
Charles Ballay,"1,345"
Andy Williams,"1,240"
Dean Phillips,"1,076"
Cenk Uygur,979
Tom Ross,793
Shiva Ayyadurai,696
Terrisa Bukovinac,653
Frank Lozada,562
Jorge Zavala,543
Emanuel Pastreich,401
Ryan Binkley,282
Jason Palmer,277
Michael Wood,234
Vermin  Supreme,221
Gabriel Cornejo,167
Joseph Maldonado,158
Jimmy Cooper,118
Stephen Lyons,111
Angeline Payne,99
Willie Carter,97
Sorinne Ardeleanu,84
Wayne Pope Sr,67
Walter Clapp,64
Hirsh Singh,61
Eric Boerner,57
Michael Bickelmeyer,56
Susan Resch,47
Corey Stapleton,41
Christin Powers,36
Tony Jones,36
Jasmine Sherman,35
Robby Wells,32
Rollan Roberts,32
Doug Jenkins,28
Jim Norris,26
Timothy Villari,25
Susan Buchser-Lochocki,23
Jesus Torres,23
Armando Perez-Serrato,22
Joseph Foreman,21
Travis Lang,19
Brittany  Jones,17
Charles Camilleri,17
Ian Netupsky,14
Alander  Pulliam,14
Daniel Imperato,14
Robert  Cooke,11
Steven Kross,11
Anthony  Hudson,9
Earl Jackson,7
Andre  Nero,1
Suzzanna  Tanner,0
