Name,Votes
Claudia De La Cruz,"104,557"
Cornel West,"28,715"
Jill Stein,"19,975"
Peter Sonski,"14,724"
Jasmine Sherman,"13,112"
Robert Kennedy Jr,"11,929"
Chase Oliver,"11,748"
Lars Mapstead,"10,540"
Marianne Williamson,"8,286"
Josh Smith,"7,401"
Michael Ter-Maat,"6,381"
Cenk Uygur,"5,802"
Michael Rectenwald,"5,460"
Donald Trump,"5,439"
Joseph Biden,"5,279"
Jacob Hornberger,"4,344"
Nikki Haley,"3,958"
Charles Ballay,"2,657"
Joseph Afroman Foreman,"2,308"
Dean Phillips,"2,290"
Andy Williams,"2,069"
Terrisa Bukovinac,"1,940"
Brittany  Jones,"1,937"
Vermin  Supreme,"1,838"
Alan Collinge,"1,615"
Shiva Ayyadurai,"1,587"
Jorge Zavala,"1,582"
Tom Ross,"1,212"
Gabriel Cornejo,"1,029"
Emanuel Pastreich,936
Sorinne Ardeleanu,926
Frank Lozada,893
Jason Palmer,524
Willie Carter,445
Ryan Binkley,445
Joseph Maldonado,444
Robert  Cooke,390
Michael Wood,377
Jimmy Cooper,366
Armando Perez-Serrato,292
Angeline Payne,245
Wayne Pope Sr,226
Christin Powers,194
Doug Jenkins,167
Stephen Lyons,132
Tony Jones,126
Hirsh Singh,111
Walter Clapp,107
Suzzanna  Tanner,102
Eric Boerner,96
Jesus Torres,91
Susan Buchser-Lochocki,88
Susan Resch,83
Alander  Pulliam,83
Charles Camilleri,82
Michael Bickelmeyer,81
Robby Wells,75
Andre  Nero,66
Corey Stapleton,65
Timothy Villari,61
Jim Norris,54
Rollan Roberts,51
Daniel Imperato,46
Ian Netupsky,44
Anthony  Hudson,40
Earl Jackson,34
Travis Lang,27
Adam Nicholas Paul,26
Steven Kross,25
