Name,Votes
Claudia De La Cruz,"105,082"
Cornel West,"28,999"
Jill Stein,"20,224"
Peter Sonski,"14,899"
Jasmine Sherman,"13,521"
Robert Kennedy Jr,"12,201"
Chase Oliver,"11,999"
Lars Mapstead,"10,664"
Marianne Williamson,"8,438"
Josh Smith,"7,496"
Michael Ter-Maat,"6,437"
Cenk Uygur,"5,850"
Donald Trump,"5,581"
Michael Rectenwald,"5,543"
Joseph Biden,"5,495"
Jacob Hornberger,"4,433"
Nikki Haley,"4,095"
Charles Ballay,"2,777"
Joseph Afroman Foreman,"2,370"
Dean Phillips,"2,339"
Andy Williams,"2,083"
Brittany  Jones,"2,043"
Alan Collinge,"2,016"
Terrisa Bukovinac,"1,983"
Vermin  Supreme,"1,870"
Jorge Zavala,"1,599"
Shiva Ayyadurai,"1,589"
Tom Ross,"1,221"
Gabriel Cornejo,"1,053"
Sorinne Ardeleanu,952
Emanuel Pastreich,946
Frank Lozada,901
Jason Palmer,526
Willie Carter,487
Ryan Binkley,466
Joseph Maldonado,453
Robert  Cooke,397
Jimmy Cooper,389
Michael Wood,377
Armando Perez-Serrato,302
Angeline Payne,258
Wayne Pope Sr,240
Christin Powers,201
Doug Jenkins,169
Stephen Lyons,132
Tony Jones,126
Hirsh Singh,111
Walter Clapp,107
Suzzanna  Tanner,102
Eric Boerner,101
Jesus Torres,97
Susan Buchser-Lochocki,93
Susan Resch,89
Robby Wells,88
Alander  Pulliam,88
Charles Camilleri,87
Michael Bickelmeyer,83
Andre  Nero,66
Corey Stapleton,65
Timothy Villari,63
Jim Norris,57
Rollan Roberts,51
Ian Netupsky,48
Daniel Imperato,46
Anthony  Hudson,42
Travis Lang,37
Earl Jackson,34
Adam Nicholas Paul,33
Steven Kross,25
