Name,Votes
Robert Kennedy Jr,2510
Chase Oliver,2378
Josh Smith,2210
Lars Mapstead,2016
Michael Rectenwald,1491
Michael Ter-Maat,1184
Donald Trump,1161
Jacob Hornberger,1026
Cornel West,651
Ron Desantis,630
Jill Stein,589
Marianne Williamson,539
Joseph Biden,483
Tom Ross,349
Nikki Haley,333
Andy Williams,295
Dean Phillips,289
Claudia De La Cruz,279
Shiva Ayyadurai,232
Cenk Uygur,171
Frank Lozada,132
Stephen Lyons,104
Jason Palmer,102
Gabriel Cornejo,91
Jorge Zavala,70
Ryan Binkley,49
Emanuel Pastreich,48
Joseph Maldonado,42
Michael Wood,31
Jimmy Cooper,21
Willie Carter,21
Michael Bickelmeyer,20
Susan Resch,15
Eric Boerner,15
Angeline Payne,14
Walter Clapp,12
Hirsh Singh,11
Terrisa Bukovinac,10
Travis Lang,10
Wayne Pope Sr,8
Charles Camilleri,7
Steven Kross,6
Corey Stapleton,5
Susan Buchser-Lochocki,4
Timothy Villari,3
Rollan Roberts,3
Armando Perez-Serrato,1
Daniel Imperato,1
Jim Norris,1
Jesus Torres,0
Christin Powers,0
Earl Jackson,0
