Name,Votes
Claudia De La Cruz,"106,604"
Cornel West,"29,936"
Jill Stein,"21,056"
Peter Sonski,"15,242"
Chase Oliver,"14,895"
Lars Mapstead,"14,670"
Jasmine Sherman,"14,540"
Robert Kennedy Jr,"13,420"
Marianne Williamson,"8,995"
Josh Smith,"7,990"
Michael Ter-Maat,"6,995"
Joseph Biden,"6,354"
Michael Rectenwald,"6,166"
Donald Trump,"6,099"
Cenk Uygur,"6,039"
Jacob Hornberger,"5,666"
Nikki Haley,"4,628"
Charles Ballay,"3,783"
Joseph Afroman Foreman,"3,072"
Alan Collinge,"2,719"
Dean Phillips,"2,637"
Brittany  Jones,"2,245"
Vermin  Supreme,"2,242"
Terrisa Bukovinac,"2,129"
Andy Williams,"2,121"
Jorge Zavala,"1,694"
Shiva Ayyadurai,"1,677"
Tom Ross,"1,265"
Gabriel Cornejo,"1,165"
Sorinne Ardeleanu,"1,153"
Emanuel Pastreich,"1,006"
Frank Lozada,965
Willie Carter,592
Ryan Binkley,577
Jason Palmer,566
Joseph Maldonado,512
Jimmy Cooper,439
Robert  Cooke,425
Michael Wood,394
Armando Perez-Serrato,324
Angeline Payne,302
Wayne Pope Sr,276
Doug Jenkins,260
Christin Powers,211
Susan Buchser-Lochocki,177
Stephen Lyons,176
Eric Boerner,157
Charles Camilleri,150
Tony Jones,142
Walter Clapp,136
Michael Bickelmeyer,132
Earl Jackson,127
Hirsh Singh,127
Travis Lang,124
Steven Kross,116
Suzzanna  Tanner,115
Daniel Imperato,110
Susan Resch,107
Jesus Torres,107
Alander  Pulliam,98
Robby Wells,98
Timothy Villari,77
Corey Stapleton,77
Andre  Nero,75
Adam Nicholas Paul,71
Jim Norris,69
Rollan Roberts,62
Anthony  Hudson,61
Ian Netupsky,57
