Name,Votes
Chase Oliver,"4,741"
Robert Kennedy Jr,"4,044"
Lars Mapstead,"3,645"
Josh Smith,"3,311"
Michael Rectenwald,"2,228"
Donald Trump,"1,912"
Jacob Hornberger,"1,777"
Michael Ter-Maat,"1,777"
Cornel West,"1,131"
Jill Stein,"1,042"
Ron Desantis,981
Andy Williams,920
Marianne Williamson,842
Joseph Biden,767
Nikki Haley,544
Claudia De La Cruz,535
Tom Ross,484
Frank Lozada,471
Dean Phillips,453
Shiva Ayyadurai,378
Cenk Uygur,257
Jason Palmer,184
Jorge Zavala,138
Gabriel Cornejo,122
Stephen Lyons,108
Terrisa Bukovinac,102
Ryan Binkley,95
Emanuel Pastreich,94
Joseph Maldonado,90
Michael Wood,66
Jimmy Cooper,46
Angeline Payne,44
Wayne Pope Sr,35
Willie Carter,34
Eric Boerner,26
Michael Bickelmeyer,26
Susan Resch,21
Hirsh Singh,20
Travis Lang,15
Charles Camilleri,13
Walter Clapp,13
Steven Kross,11
Armando Perez-Serrato,10
Corey Stapleton,9
Timothy Villari,7
Rollan Roberts,7
Christin Powers,7
Susan Buchser-Lochocki,6
Jim Norris,6
Jesus Torres,3
Daniel Imperato,1
Earl Jackson,0
