Name,Votes
Claudia De La Cruz,"104,632"
Cornel West,"28,767"
Jill Stein,"20,011"
Peter Sonski,"14,724"
Jasmine Sherman,"13,199"
Robert Kennedy Jr,"11,960"
Chase Oliver,"11,766"
Lars Mapstead,"10,551"
Marianne Williamson,"8,305"
Josh Smith,"7,410"
Michael Ter-Maat,"6,381"
Cenk Uygur,"5,807"
Michael Rectenwald,"5,471"
Donald Trump,"5,450"
Joseph Biden,"5,292"
Jacob Hornberger,"4,355"
Nikki Haley,"3,964"
Charles Ballay,"2,662"
Joseph Afroman Foreman,"2,313"
Dean Phillips,"2,294"
Andy Williams,"2,076"
Brittany  Jones,"1,966"
Terrisa Bukovinac,"1,943"
Vermin  Supreme,"1,839"
Alan Collinge,"1,651"
Jorge Zavala,"1,587"
Shiva Ayyadurai,"1,587"
Tom Ross,"1,212"
Gabriel Cornejo,"1,040"
Emanuel Pastreich,936
Sorinne Ardeleanu,926
Frank Lozada,893
Jason Palmer,524
Willie Carter,447
Ryan Binkley,445
Joseph Maldonado,444
Robert  Cooke,390
Michael Wood,377
Jimmy Cooper,366
Armando Perez-Serrato,295
Angeline Payne,245
Wayne Pope Sr,226
Christin Powers,194
Doug Jenkins,167
Stephen Lyons,132
Tony Jones,126
Hirsh Singh,111
Walter Clapp,107
Suzzanna  Tanner,102
Eric Boerner,96
Jesus Torres,91
Susan Buchser-Lochocki,88
Robby Wells,86
Susan Resch,83
Alander  Pulliam,83
Charles Camilleri,82
Michael Bickelmeyer,81
Andre  Nero,66
Corey Stapleton,65
Timothy Villari,61
Jim Norris,54
Rollan Roberts,51
Daniel Imperato,46
Ian Netupsky,44
Anthony  Hudson,40
Earl Jackson,34
Travis Lang,27
Adam Nicholas Paul,26
Steven Kross,25
