Name,Votes
Claudia De La Cruz,"99,479"
Cornel West,"25,040"
Jill Stein,"16,183"
Peter Sonski,"14,556"
Chase Oliver,"10,515"
Robert Kennedy Jr,"10,501"
Lars Mapstead,"9,187"
Jasmine Sherman,"8,335"
Marianne Williamson,"7,034"
Josh Smith,"6,997"
Michael Ter-Maat,"6,145"
Michael Rectenwald,"5,136"
Cenk Uygur,"4,887"
Donald Trump,"4,849"
Joseph Biden,"4,331"
Jacob Hornberger,"4,006"
Nikki Haley,"3,479"
Charles Ballay,"2,433"
Dean Phillips,"1,946"
Andy Williams,"1,924"
Terrisa Bukovinac,"1,774"
Joseph Afroman Foreman,"1,724"
Vermin  Supreme,"1,453"
Shiva Ayyadurai,"1,374"
Jorge Zavala,"1,349"
Brittany  Jones,"1,302"
Tom Ross,"1,142"
Gabriel Cornejo,838
Emanuel Pastreich,806
Frank Lozada,763
Sorinne Ardeleanu,747
Jason Palmer,460
Joseph Maldonado,390
Ryan Binkley,389
Michael Wood,371
Willie Carter,350
Robert  Cooke,330
Jimmy Cooper,300
Armando Perez-Serrato,257
Angeline Payne,195
Christin Powers,167
Wayne Pope Sr,165
Doug Jenkins,139
Stephen Lyons,125
Tony Jones,116
Walter Clapp,104
Hirsh Singh,86
Eric Boerner,78
Suzzanna  Tanner,73
Susan Resch,71
Susan Buchser-Lochocki,69
Michael Bickelmeyer,64
Jesus Torres,62
Robby Wells,57
Corey Stapleton,55
Timothy Villari,54
Charles Camilleri,53
Alander  Pulliam,47
Andre  Nero,46
Jim Norris,43
Rollan Roberts,39
Daniel Imperato,37
Anthony  Hudson,32
Ian Netupsky,32
Travis Lang,26
Steven Kross,23
Earl Jackson,21
Adam Nicholas Paul,0
