Name,Votes
Chase Oliver,"4,991"
Robert Kennedy Jr,"4,295"
Lars Mapstead,"3,910"
Josh Smith,"3,402"
Michael Rectenwald,"2,332"
Donald Trump,"1,980"
Michael Ter-Maat,"1,877"
Jacob Hornberger,"1,863"
Cornel West,"1,222"
Jill Stein,"1,142"
Ron Desantis,"1,012"
Andy Williams,982
Marianne Williamson,883
Joseph Biden,834
Nikki Haley,609
Claudia De La Cruz,589
Tom Ross,565
Dean Phillips,488
Frank Lozada,474
Shiva Ayyadurai,394
Cenk Uygur,276
Jason Palmer,217
Jorge Zavala,146
Terrisa Bukovinac,144
Gabriel Cornejo,129
Ryan Binkley,114
Stephen Lyons,108
Emanuel Pastreich,98
Joseph Maldonado,93
Michael Wood,75
Jimmy Cooper,51
Angeline Payne,46
Wayne Pope Sr,40
Willie Carter,38
Susan Resch,28
Hirsh Singh,27
Eric Boerner,26
Michael Bickelmeyer,26
Walter Clapp,15
Travis Lang,15
Armando Perez-Serrato,13
Charles Camilleri,13
Christin Powers,12
Steven Kross,11
Corey Stapleton,9
Timothy Villari,7
Rollan Roberts,7
Susan Buchser-Lochocki,6
Jim Norris,6
Jesus Torres,3
Daniel Imperato,1
Earl Jackson,0
