Name,Votes
Chase Oliver,"8,521"
Robert Kennedy Jr,"6,867"
Lars Mapstead,"6,688"
Jill Stein,"6,572"
Cornel West,"4,778"
Josh Smith,"4,760"
Michael Ter-Maat,"4,123"
Michael Rectenwald,"3,599"
Peter Sonski,"3,542"
Donald Trump,"3,189"
Jacob Hornberger,"2,967"
Marianne Williamson,"2,140"
Claudia De La Cruz,"2,105"
Nikki Haley,"1,891"
Joseph Biden,"1,863"
Andy Williams,"1,231"
Charles Ballay,999
Dean Phillips,969
Cenk Uygur,962
Tom Ross,787
Shiva Ayyadurai,689
Terrisa Bukovinac,593
Frank Lozada,554
Jorge Zavala,532
Emanuel Pastreich,395
Jason Palmer,265
Ryan Binkley,235
Michael Wood,220
Vermin  Supreme,158
Gabriel Cornejo,158
Joseph Maldonado,145
Jimmy Cooper,113
Stephen Lyons,108
Angeline Payne,89
Willie Carter,85
Wayne Pope Sr,67
Hirsh Singh,55
Michael Bickelmeyer,52
Eric Boerner,51
Sorinne Ardeleanu,50
Walter Clapp,50
Susan Resch,44
Corey Stapleton,41
Christin Powers,35
Tony Jones,34
Jasmine Sherman,33
Rollan Roberts,27
Robby Wells,24
Doug Jenkins,23
Jesus Torres,23
Jim Norris,23
Timothy Villari,22
Armando Perez-Serrato,22
Susan Buchser-Lochocki,19
Charles Camilleri,17
Joseph Foreman,15
Travis Lang,15
Alander  Pulliam,14
Daniel Imperato,14
Ian Netupsky,11
Steven Kross,11
Brittany  Jones,9
Robert  Cooke,7
Anthony  Hudson,6
Earl Jackson,5
Andre  Nero,1
Suzzanna  Tanner,0
