Name,Votes
Claudia De La Cruz,"16,662"
Chase Oliver,"9,885"
Cornel West,"9,663"
Jill Stein,"9,420"
Robert Kennedy Jr,"8,482"
Lars Mapstead,"8,158"
Peter Sonski,"7,353"
Josh Smith,"6,640"
Michael Ter-Maat,"5,934"
Michael Rectenwald,"4,356"
Donald Trump,"4,234"
Jacob Hornberger,"3,603"
Marianne Williamson,"3,444"
Nikki Haley,"2,930"
Joseph Biden,"2,644"
Charles Ballay,"1,990"
Cenk Uygur,"1,882"
Dean Phillips,"1,425"
Andy Williams,"1,379"
Terrisa Bukovinac,"1,027"
Tom Ross,953
Shiva Ayyadurai,873
Jorge Zavala,739
Vermin  Supreme,730
Jasmine Sherman,709
Frank Lozada,591
Emanuel Pastreich,528
Ryan Binkley,347
Michael Wood,338
Jason Palmer,334
Joseph Foreman,325
Gabriel Cornejo,288
Sorinne Ardeleanu,264
Joseph Maldonado,246
Brittany  Jones,173
Jimmy Cooper,156
Angeline Payne,130
Willie Carter,121
Stephen Lyons,115
Robert  Cooke,110
Wayne Pope Sr,88
Walter Clapp,87
Hirsh Singh,79
Tony Jones,70
Eric Boerner,65
Michael Bickelmeyer,64
Doug Jenkins,61
Christin Powers,61
Susan Resch,55
Jesus Torres,52
Corey Stapleton,52
Armando Perez-Serrato,50
Susan Buchser-Lochocki,46
Timothy Villari,41
Robby Wells,40
Jim Norris,35
Rollan Roberts,34
Daniel Imperato,31
Alander  Pulliam,22
Ian Netupsky,22
Suzzanna  Tanner,22
Charles Camilleri,22
Travis Lang,20
Steven Kross,16
Andre  Nero,14
Anthony  Hudson,11
Earl Jackson,10
