Name,Votes
Chase Oliver,"8,889"
Robert Kennedy Jr,"7,130"
Lars Mapstead,"7,007"
Jill Stein,"6,695"
Cornel West,"4,933"
Josh Smith,"4,903"
Peter Sonski,"4,629"
Michael Ter-Maat,"4,323"
Michael Rectenwald,"3,702"
Donald Trump,"3,334"
Jacob Hornberger,"3,180"
Marianne Williamson,"2,187"
Claudia De La Cruz,"2,139"
Nikki Haley,"2,132"
Joseph Biden,"1,991"
Charles Ballay,"1,255"
Andy Williams,"1,240"
Dean Phillips,"1,066"
Cenk Uygur,979
Tom Ross,787
Shiva Ayyadurai,696
Terrisa Bukovinac,638
Frank Lozada,562
Jorge Zavala,535
Emanuel Pastreich,401
Ryan Binkley,278
Jason Palmer,277
Michael Wood,229
Vermin  Supreme,201
Gabriel Cornejo,165
Joseph Maldonado,158
Jimmy Cooper,118
Stephen Lyons,111
Angeline Payne,99
Willie Carter,97
Sorinne Ardeleanu,79
Wayne Pope Sr,67
Walter Clapp,60
Hirsh Singh,58
Eric Boerner,57
Michael Bickelmeyer,56
Susan Resch,44
Corey Stapleton,41
Tony Jones,36
Jasmine Sherman,35
Christin Powers,35
Robby Wells,32
Rollan Roberts,32
Doug Jenkins,28
Jim Norris,26
Susan Buchser-Lochocki,23
Jesus Torres,23
Timothy Villari,22
Armando Perez-Serrato,22
Joseph Foreman,20
Travis Lang,19
Brittany  Jones,17
Charles Camilleri,17
Alander  Pulliam,14
Daniel Imperato,14
Robert  Cooke,11
Ian Netupsky,11
Steven Kross,11
Anthony  Hudson,9
Earl Jackson,5
Andre  Nero,1
Suzzanna  Tanner,0
