Name,Votes
Chase Oliver,1703
Josh Smith,1524
Robert Kennedy Jr,1379
Lars Mapstead,1295
Michael Rectenwald,963
Michael Ter-Maat,886
Donald Trump,693
Jacob Hornberger,692
Cornel West,377
Marianne Williamson,367
Jill Stein,358
Ron Desantis,358
Joseph Biden,293
Nikki Haley,217
Dean Phillips,190
Tom Ross,190
Shiva Ayyadurai,135
Cenk Uygur,107
Claudia De La Cruz,94
Stephen Lyons,86
Jason Palmer,81
Frank Lozada,80
Gabriel Cornejo,55
Andy Williams,54
Jorge Zavala,38
Ryan Binkley,36
Joseph Maldonado,31
Emanuel Pastreich,30
Michael Bickelmeyer,16
Eric Boerner,15
Michael Wood,11
Hirsh Singh,11
Susan Resch,10
Travis Lang,10
Terrisa Bukovinac,9
Jimmy Cooper,8
Walter Clapp,8
Angeline Payne,7
Charles Camilleri,7
Willie Carter,6
Corey Stapleton,5
Susan Buchser-Lochocki,4
Timothy Villari,3
Rollan Roberts,3
Wayne Pope Sr,2
Armando Perez-Serrato,1
Daniel Imperato,1
Steven Kross,1
Jim Norris,1
Jesus Torres,0
Christin Powers,0
Earl Jackson,0
