Name,Votes
Chase Oliver,"4,310"
Robert Kennedy Jr,"3,654"
Lars Mapstead,"3,250"
Josh Smith,"3,189"
Michael Rectenwald,"2,143"
Donald Trump,"1,746"
Michael Ter-Maat,"1,675"
Jacob Hornberger,"1,633"
Cornel West,973
Ron Desantis,919
Jill Stein,907
Andy Williams,786
Marianne Williamson,743
Joseph Biden,697
Nikki Haley,494
Claudia De La Cruz,461
Frank Lozada,459
Tom Ross,448
Dean Phillips,417
Shiva Ayyadurai,351
Cenk Uygur,231
Jason Palmer,154
Gabriel Cornejo,122
Jorge Zavala,114
Stephen Lyons,108
Ryan Binkley,88
Joseph Maldonado,80
Emanuel Pastreich,71
Terrisa Bukovinac,60
Michael Wood,45
Jimmy Cooper,42
Angeline Payne,37
Willie Carter,32
Wayne Pope Sr,29
Eric Boerner,26
Michael Bickelmeyer,26
Hirsh Singh,20
Susan Resch,18
Travis Lang,15
Walter Clapp,13
Charles Camilleri,12
Steven Kross,11
Armando Perez-Serrato,10
Corey Stapleton,9
Rollan Roberts,7
Christin Powers,7
Susan Buchser-Lochocki,6
Jim Norris,6
Timothy Villari,3
Daniel Imperato,1
Jesus Torres,0
Earl Jackson,0
