Name,Votes
Chase Oliver,"4,832"
Robert Kennedy Jr,"4,149"
Lars Mapstead,"3,722"
Josh Smith,"3,347"
Michael Rectenwald,"2,265"
Donald Trump,"1,935"
Jacob Hornberger,"1,806"
Michael Ter-Maat,"1,798"
Cornel West,"1,193"
Jill Stein,"1,094"
Ron Desantis,996
Andy Williams,939
Marianne Williamson,868
Joseph Biden,800
Nikki Haley,570
Claudia De La Cruz,561
Tom Ross,528
Frank Lozada,474
Dean Phillips,468
Shiva Ayyadurai,387
Cenk Uygur,267
Jason Palmer,196
Jorge Zavala,146
Terrisa Bukovinac,138
Gabriel Cornejo,123
Stephen Lyons,108
Ryan Binkley,106
Emanuel Pastreich,94
Joseph Maldonado,90
Michael Wood,69
Jimmy Cooper,48
Angeline Payne,46
Wayne Pope Sr,39
Willie Carter,38
Eric Boerner,26
Michael Bickelmeyer,26
Hirsh Singh,25
Susan Resch,24
Walter Clapp,15
Travis Lang,15
Armando Perez-Serrato,13
Charles Camilleri,13
Christin Powers,12
Steven Kross,11
Corey Stapleton,9
Timothy Villari,7
Rollan Roberts,7
Susan Buchser-Lochocki,6
Jim Norris,6
Jesus Torres,3
Daniel Imperato,1
Earl Jackson,0
