Name,Votes
Chase Oliver,"4,795"
Robert Kennedy Jr,"4,127"
Lars Mapstead,"3,705"
Josh Smith,"3,336"
Michael Rectenwald,"2,259"
Donald Trump,"1,926"
Jacob Hornberger,"1,805"
Michael Ter-Maat,"1,794"
Cornel West,"1,152"
Jill Stein,"1,061"
Ron Desantis,991
Andy Williams,927
Marianne Williamson,857
Joseph Biden,768
Nikki Haley,551
Claudia De La Cruz,540
Tom Ross,505
Frank Lozada,471
Dean Phillips,463
Shiva Ayyadurai,382
Cenk Uygur,262
Jason Palmer,190
Jorge Zavala,138
Gabriel Cornejo,123
Terrisa Bukovinac,114
Stephen Lyons,108
Ryan Binkley,100
Emanuel Pastreich,94
Joseph Maldonado,90
Michael Wood,66
Angeline Payne,46
Jimmy Cooper,46
Wayne Pope Sr,39
Willie Carter,34
Eric Boerner,26
Michael Bickelmeyer,26
Hirsh Singh,25
Susan Resch,24
Travis Lang,15
Armando Perez-Serrato,13
Charles Camilleri,13
Walter Clapp,13
Christin Powers,12
Steven Kross,11
Corey Stapleton,9
Timothy Villari,7
Rollan Roberts,7
Susan Buchser-Lochocki,6
Jim Norris,6
Jesus Torres,3
Daniel Imperato,1
Earl Jackson,0
