Name,Votes
Chase Oliver,"4,628"
Robert Kennedy Jr,"3,959"
Lars Mapstead,"3,580"
Josh Smith,"3,292"
Michael Rectenwald,"2,215"
Donald Trump,"1,897"
Michael Ter-Maat,"1,751"
Jacob Hornberger,"1,743"
Cornel West,"1,093"
Jill Stein,"1,022"
Ron Desantis,980
Andy Williams,909
Marianne Williamson,818
Joseph Biden,751
Nikki Haley,537
Claudia De La Cruz,523
Tom Ross,484
Frank Lozada,471
Dean Phillips,441
Shiva Ayyadurai,378
Cenk Uygur,252
Jason Palmer,184
Jorge Zavala,134
Gabriel Cornejo,122
Stephen Lyons,108
Emanuel Pastreich,94
Ryan Binkley,90
Joseph Maldonado,87
Terrisa Bukovinac,66
Michael Wood,49
Jimmy Cooper,45
Angeline Payne,39
Wayne Pope Sr,35
Willie Carter,32
Eric Boerner,26
Michael Bickelmeyer,26
Hirsh Singh,20
Susan Resch,19
Travis Lang,15
Walter Clapp,13
Charles Camilleri,12
Steven Kross,11
Armando Perez-Serrato,10
Corey Stapleton,9
Timothy Villari,7
Rollan Roberts,7
Christin Powers,7
Susan Buchser-Lochocki,6
Jim Norris,6
Jesus Torres,3
Daniel Imperato,1
Earl Jackson,0
