Name,Votes
Claudia De La Cruz,"14,807"
Chase Oliver,"9,796"
Jill Stein,"9,168"
Cornel West,"9,090"
Robert Kennedy Jr,"8,316"
Lars Mapstead,"8,131"
Peter Sonski,"7,180"
Josh Smith,"6,613"
Michael Ter-Maat,"5,917"
Michael Rectenwald,"4,337"
Donald Trump,"4,200"
Jacob Hornberger,"3,584"
Marianne Williamson,"3,309"
Nikki Haley,"2,874"
Joseph Biden,"2,557"
Charles Ballay,"1,950"
Cenk Uygur,"1,781"
Dean Phillips,"1,397"
Andy Williams,"1,362"
Terrisa Bukovinac,"1,003"
Tom Ross,916
Shiva Ayyadurai,846
Jorge Zavala,724
Vermin  Supreme,680
Jasmine Sherman,591
Frank Lozada,589
Emanuel Pastreich,518
Ryan Binkley,347
Michael Wood,338
Jason Palmer,323
Joseph Foreman,277
Gabriel Cornejo,276
Sorinne Ardeleanu,240
Joseph Maldonado,239
Jimmy Cooper,148
Brittany  Jones,144
Angeline Payne,125
Stephen Lyons,115
Willie Carter,114
Robert  Cooke,102
Walter Clapp,87
Wayne Pope Sr,86
Hirsh Singh,78
Tony Jones,70
Eric Boerner,65
Michael Bickelmeyer,64
Susan Resch,55
Christin Powers,53
Jesus Torres,52
Corey Stapleton,52
Doug Jenkins,50
Susan Buchser-Lochocki,45
Armando Perez-Serrato,44
Timothy Villari,41
Robby Wells,40
Jim Norris,35
Rollan Roberts,34
Daniel Imperato,31
Ian Netupsky,22
Suzzanna  Tanner,22
Charles Camilleri,22
Travis Lang,20
Alander  Pulliam,18
Steven Kross,16
Anthony  Hudson,11
Andre  Nero,10
Earl Jackson,10
