Name,Votes
Chase Oliver,1683
Josh Smith,1498
Robert Kennedy Jr,1335
Lars Mapstead,1280
Michael Rectenwald,954
Michael Ter-Maat,877
Jacob Hornberger,685
Donald Trump,684
Ron Desantis,354
Cornel West,338
Marianne Williamson,338
Jill Stein,335
Joseph Biden,264
Nikki Haley,210
Dean Phillips,177
Tom Ross,167
Shiva Ayyadurai,131
Cenk Uygur,98
Stephen Lyons,86
Claudia De La Cruz,81
Frank Lozada,71
Jason Palmer,65
Gabriel Cornejo,50
Andy Williams,40
Ryan Binkley,36
Jorge Zavala,34
Joseph Maldonado,31
Emanuel Pastreich,25
Michael Bickelmeyer,16
Eric Boerner,11
Susan Resch,10
Michael Wood,10
Travis Lang,10
Terrisa Bukovinac,9
Walter Clapp,8
Hirsh Singh,7
Angeline Payne,7
Charles Camilleri,7
Willie Carter,6
Corey Stapleton,5
Susan Buchser-Lochocki,4
Timothy Villari,3
Jimmy Cooper,3
Rollan Roberts,3
Wayne Pope Sr,2
Armando Perez-Serrato,1
Daniel Imperato,1
Steven Kross,1
Jim Norris,1
Jesus Torres,0
Christin Powers,0
Earl Jackson,0
