Name,Votes
Claudia De La Cruz,"104,476"
Cornel West,"28,683"
Jill Stein,"19,916"
Peter Sonski,"14,724"
Jasmine Sherman,"13,027"
Robert Kennedy Jr,"11,906"
Chase Oliver,"11,735"
Lars Mapstead,"10,540"
Marianne Williamson,"8,271"
Josh Smith,"7,394"
Michael Ter-Maat,"6,377"
Cenk Uygur,"5,791"
Michael Rectenwald,"5,458"
Donald Trump,"5,426"
Joseph Biden,"5,261"
Jacob Hornberger,"4,339"
Nikki Haley,"3,950"
Charles Ballay,"2,656"
Joseph Afroman Foreman,"2,298"
Dean Phillips,"2,286"
Andy Williams,"2,066"
Terrisa Bukovinac,"1,931"
Brittany  Jones,"1,913"
Vermin  Supreme,"1,832"
Shiva Ayyadurai,"1,587"
Jorge Zavala,"1,582"
Alan Collinge,"1,575"
Tom Ross,"1,211"
Gabriel Cornejo,"1,025"
Emanuel Pastreich,936
Sorinne Ardeleanu,924
Frank Lozada,890
Jason Palmer,524
Ryan Binkley,445
Joseph Maldonado,442
Willie Carter,438
Robert  Cooke,390
Michael Wood,377
Jimmy Cooper,366
Armando Perez-Serrato,292
Angeline Payne,245
Wayne Pope Sr,226
Christin Powers,194
Doug Jenkins,167
Stephen Lyons,132
Tony Jones,126
Hirsh Singh,111
Walter Clapp,107
Suzzanna  Tanner,100
Eric Boerner,96
Jesus Torres,91
Alander  Pulliam,83
Susan Buchser-Lochocki,83
Michael Bickelmeyer,81
Charles Camilleri,80
Susan Resch,79
Robby Wells,75
Andre  Nero,66
Corey Stapleton,65
Timothy Villari,61
Jim Norris,54
Daniel Imperato,46
Rollan Roberts,46
Ian Netupsky,44
Anthony  Hudson,40
Earl Jackson,34
Travis Lang,27
Adam Nicholas Paul,26
Steven Kross,25
