Name,Votes
Chase Oliver,"7,908"
Robert Kennedy Jr,"6,206"
Lars Mapstead,"6,042"
Jill Stein,"6,042"
Josh Smith,"4,599"
Cornel West,"3,942"
Michael Rectenwald,"3,419"
Michael Ter-Maat,"3,276"
Donald Trump,"2,811"
Jacob Hornberger,"2,779"
Marianne Williamson,"1,956"
Claudia De La Cruz,"1,924"
Joseph Biden,"1,480"
Andy Williams,"1,186"
Nikki Haley,"1,168"
Cenk Uygur,843
Dean Phillips,771
Tom Ross,751
Shiva Ayyadurai,646
Frank Lozada,536
Jorge Zavala,506
Emanuel Pastreich,363
Jason Palmer,259
Terrisa Bukovinac,188
Ryan Binkley,169
Gabriel Cornejo,158
Michael Wood,145
Joseph Maldonado,132
Jimmy Cooper,113
Stephen Lyons,108
Angeline Payne,71
Willie Carter,66
Wayne Pope Sr,61
Hirsh Singh,52
Michael Bickelmeyer,42
Walter Clapp,37
Eric Boerner,35
Susan Resch,35
Corey Stapleton,24
Armando Perez-Serrato,21
Jim Norris,18
Susan Buchser-Lochocki,17
Charles Camilleri,17
Christin Powers,17
Timothy Villari,15
Travis Lang,15
Rollan Roberts,14
Steven Kross,11
Daniel Imperato,8
Jesus Torres,7
Earl Jackson,0
