Name,Votes
Claudia De La Cruz,"101,430"
Cornel West,"26,840"
Jill Stein,"18,055"
Peter Sonski,"14,620"
Robert Kennedy Jr,"10,774"
Jasmine Sherman,"10,709"
Chase Oliver,"10,689"
Lars Mapstead,"9,266"
Marianne Williamson,"7,564"
Josh Smith,"7,023"
Michael Ter-Maat,"6,177"
Cenk Uygur,"5,355"
Michael Rectenwald,"5,177"
Donald Trump,"4,928"
Joseph Biden,"4,540"
Jacob Hornberger,"4,057"
Nikki Haley,"3,563"
Charles Ballay,"2,470"
Dean Phillips,"2,066"
Andy Williams,"1,974"
Joseph Afroman Foreman,"1,958"
Terrisa Bukovinac,"1,832"
Vermin  Supreme,"1,560"
Brittany  Jones,"1,460"
Shiva Ayyadurai,"1,447"
Jorge Zavala,"1,426"
Tom Ross,"1,165"
Gabriel Cornejo,899
Emanuel Pastreich,845
Sorinne Ardeleanu,781
Frank Lozada,770
Jason Palmer,496
Ryan Binkley,406
Joseph Maldonado,397
Michael Wood,374
Willie Carter,366
Robert  Cooke,362
Jimmy Cooper,323
Armando Perez-Serrato,273
Angeline Payne,208
Wayne Pope Sr,183
Christin Powers,176
Doug Jenkins,144
Stephen Lyons,125
Tony Jones,120
Walter Clapp,104
Hirsh Singh,86
Suzzanna  Tanner,82
Eric Boerner,80
Susan Resch,71
Robby Wells,70
Susan Buchser-Lochocki,70
Michael Bickelmeyer,68
Jesus Torres,65
Timothy Villari,57
Corey Stapleton,55
Andre  Nero,54
Alander  Pulliam,54
Charles Camilleri,53
Jim Norris,43
Rollan Roberts,41
Ian Netupsky,39
Alan Collinge,37
Daniel Imperato,37
Anthony  Hudson,32
Travis Lang,26
Steven Kross,23
Earl Jackson,21
Adam Nicholas Paul,3
