Name,Votes
Chase Oliver,"4,465"
Robert Kennedy Jr,"3,782"
Lars Mapstead,"3,429"
Josh Smith,"3,265"
Michael Rectenwald,"2,191"
Donald Trump,"1,834"
Michael Ter-Maat,"1,725"
Jacob Hornberger,"1,693"
Cornel West,"1,021"
Jill Stein,962
Ron Desantis,950
Andy Williams,828
Marianne Williamson,778
Joseph Biden,724
Nikki Haley,511
Claudia De La Cruz,491
Tom Ross,472
Frank Lozada,471
Dean Phillips,422
Shiva Ayyadurai,358
Cenk Uygur,240
Jason Palmer,172
Jorge Zavala,123
Gabriel Cornejo,122
Stephen Lyons,108
Ryan Binkley,88
Joseph Maldonado,84
Emanuel Pastreich,80
Terrisa Bukovinac,60
Michael Wood,49
Jimmy Cooper,43
Angeline Payne,39
Willie Carter,32
Wayne Pope Sr,31
Eric Boerner,26
Michael Bickelmeyer,26
Hirsh Singh,20
Susan Resch,19
Travis Lang,15
Walter Clapp,13
Charles Camilleri,12
Steven Kross,11
Armando Perez-Serrato,10
Corey Stapleton,9
Rollan Roberts,7
Christin Powers,7
Susan Buchser-Lochocki,6
Jim Norris,6
Jesus Torres,3
Timothy Villari,3
Daniel Imperato,1
Earl Jackson,0
