Name,Votes
Claudia De La Cruz,"91,755"
Cornel West,"22,037"
Jill Stein,"14,543"
Peter Sonski,"14,149"
Chase Oliver,"10,278"
Robert Kennedy Jr,"9,876"
Lars Mapstead,"9,031"
Josh Smith,"6,804"
Marianne Williamson,"6,202"
Michael Ter-Maat,"6,042"
Michael Rectenwald,"4,739"
Donald Trump,"4,527"
Cenk Uygur,"4,242"
Joseph Biden,"3,900"
Jacob Hornberger,"3,810"
Nikki Haley,"3,285"
Jasmine Sherman,"2,920"
Charles Ballay,"2,269"
Dean Phillips,"1,783"
Andy Williams,"1,713"
Terrisa Bukovinac,"1,595"
Joseph Foreman,"1,407"
Shiva Ayyadurai,"1,244"
Vermin  Supreme,"1,232"
Jorge Zavala,"1,197"
Tom Ross,"1,055"
Emanuel Pastreich,730
Gabriel Cornejo,716
Frank Lozada,706
Sorinne Ardeleanu,608
Brittany  Jones,567
Jason Palmer,389
Ryan Binkley,372
Michael Wood,356
Joseph Maldonado,343
Willie Carter,303
Robert  Cooke,281
Jimmy Cooper,259
Armando Perez-Serrato,229
Angeline Payne,172
Wayne Pope Sr,136
Christin Powers,132
Doug Jenkins,122
Stephen Lyons,119
Tony Jones,112
Walter Clapp,94
Hirsh Singh,84
Eric Boerner,71
Susan Resch,64
Michael Bickelmeyer,64
Jesus Torres,59
Corey Stapleton,55
Susan Buchser-Lochocki,54
Robby Wells,49
Timothy Villari,44
Charles Camilleri,43
Suzzanna  Tanner,41
Alander  Pulliam,35
Rollan Roberts,35
Jim Norris,35
Daniel Imperato,34
Ian Netupsky,27
Andre  Nero,25
Travis Lang,22
Earl Jackson,19
Steven Kross,18
Anthony  Hudson,16
