Name,Votes
Claudia De La Cruz,"104,741"
Cornel West,"28,827"
Jill Stein,"20,071"
Peter Sonski,"14,724"
Jasmine Sherman,"13,310"
Robert Kennedy Jr,"12,012"
Chase Oliver,"11,842"
Lars Mapstead,"10,577"
Marianne Williamson,"8,327"
Josh Smith,"7,422"
Michael Ter-Maat,"6,392"
Cenk Uygur,"5,817"
Michael Rectenwald,"5,478"
Donald Trump,"5,474"
Joseph Biden,"5,312"
Jacob Hornberger,"4,375"
Nikki Haley,"3,978"
Charles Ballay,"2,685"
Joseph Afroman Foreman,"2,329"
Dean Phillips,"2,303"
Andy Williams,"2,079"
Brittany  Jones,"1,991"
Terrisa Bukovinac,"1,944"
Vermin  Supreme,"1,857"
Alan Collinge,"1,675"
Jorge Zavala,"1,590"
Shiva Ayyadurai,"1,587"
Tom Ross,"1,218"
Gabriel Cornejo,"1,040"
Emanuel Pastreich,942
Sorinne Ardeleanu,935
Frank Lozada,893
Jason Palmer,524
Ryan Binkley,449
Joseph Maldonado,447
Willie Carter,447
Robert  Cooke,391
Michael Wood,377
Jimmy Cooper,371
Armando Perez-Serrato,299
Angeline Payne,246
Wayne Pope Sr,226
Christin Powers,198
Doug Jenkins,167
Stephen Lyons,132
Tony Jones,126
Hirsh Singh,111
Walter Clapp,107
Suzzanna  Tanner,102
Eric Boerner,96
Jesus Torres,91
Alander  Pulliam,88
Susan Buchser-Lochocki,88
Robby Wells,86
Susan Resch,83
Charles Camilleri,82
Michael Bickelmeyer,81
Andre  Nero,66
Corey Stapleton,65
Timothy Villari,61
Jim Norris,54
Rollan Roberts,51
Ian Netupsky,48
Daniel Imperato,46
Anthony  Hudson,40
Earl Jackson,34
Travis Lang,27
Adam Nicholas Paul,26
Steven Kross,25
