Name,Votes
Claudia De La Cruz,"11,285"
Chase Oliver,"9,639"
Jill Stein,"8,594"
Robert Kennedy Jr,"8,124"
Cornel West,"7,991"
Lars Mapstead,"7,830"
Peter Sonski,"7,119"
Josh Smith,"6,548"
Michael Ter-Maat,"5,876"
Michael Rectenwald,"4,283"
Donald Trump,"4,151"
Jacob Hornberger,"3,540"
Marianne Williamson,"3,044"
Nikki Haley,"2,811"
Joseph Biden,"2,458"
Charles Ballay,"1,911"
Cenk Uygur,"1,526"
Andy Williams,"1,347"
Dean Phillips,"1,335"
Terrisa Bukovinac,972
Tom Ross,849
Shiva Ayyadurai,816
Jorge Zavala,681
Frank Lozada,578
Vermin  Supreme,548
Emanuel Pastreich,475
Jasmine Sherman,409
Ryan Binkley,339
Michael Wood,336
Jason Palmer,311
Gabriel Cornejo,242
Joseph Foreman,226
Joseph Maldonado,226
Sorinne Ardeleanu,204
Jimmy Cooper,143
Angeline Payne,125
Brittany  Jones,123
Stephen Lyons,115
Willie Carter,114
Wayne Pope Sr,86
Walter Clapp,83
Hirsh Singh,78
Robert  Cooke,74
Eric Boerner,65
Michael Bickelmeyer,64
Tony Jones,63
Susan Resch,55
Jesus Torres,52
Corey Stapleton,52
Christin Powers,49
Doug Jenkins,48
Susan Buchser-Lochocki,45
Timothy Villari,41
Robby Wells,38
Armando Perez-Serrato,36
Jim Norris,35
Rollan Roberts,34
Daniel Imperato,31
Suzzanna  Tanner,22
Charles Camilleri,22
Travis Lang,20
Ian Netupsky,20
Alander  Pulliam,18
Steven Kross,16
Anthony  Hudson,11
Andre  Nero,10
Earl Jackson,10
