Name,Votes
Chase Oliver,"8,229"
Robert Kennedy Jr,"6,309"
Lars Mapstead,"6,199"
Jill Stein,"6,178"
Josh Smith,"4,673"
Cornel West,"4,145"
Michael Rectenwald,"3,487"
Michael Ter-Maat,"3,393"
Donald Trump,"2,903"
Jacob Hornberger,"2,832"
Claudia De La Cruz,"1,973"
Marianne Williamson,"1,971"
Joseph Biden,"1,512"
Nikki Haley,"1,203"
Andy Williams,"1,190"
Cenk Uygur,882
Dean Phillips,774
Tom Ross,762
Shiva Ayyadurai,659
Frank Lozada,536
Jorge Zavala,513
Charles Ballay,429
Emanuel Pastreich,368
Jason Palmer,259
Terrisa Bukovinac,258
Ryan Binkley,172
Gabriel Cornejo,158
Michael Wood,147
Peter Sonski,138
Joseph Maldonado,133
Jimmy Cooper,113
Stephen Lyons,108
Willie Carter,78
Angeline Payne,71
Wayne Pope Sr,66
Hirsh Singh,52
Michael Bickelmeyer,42
Walter Clapp,40
Vermin  Supreme,38
Susan Resch,38
Eric Boerner,35
Corey Stapleton,24
Armando Perez-Serrato,21
Jim Norris,20
Timothy Villari,17
Susan Buchser-Lochocki,17
Charles Camilleri,17
Christin Powers,17
Travis Lang,15
Rollan Roberts,14
Sorinne Ardeleanu,13
Jasmine Sherman,11
Steven Kross,11
Daniel Imperato,8
Jesus Torres,7
Brittany  Jones,6
Anthony  Hudson,6
Joseph Foreman,4
Robert  Cooke,4
Alander  Pulliam,3
Ian Netupsky,2
Andre  Nero,1
Suzzanna  Tanner,0
Doug Jenkins,0
Robby Wells,0
Tony Jones,0
Earl Jackson,0
