Name,Votes
Chase Oliver,"8,556"
Robert Kennedy Jr,"6,941"
Lars Mapstead,"6,741"
Jill Stein,"6,595"
Cornel West,"4,819"
Josh Smith,"4,765"
Michael Ter-Maat,"4,132"
Peter Sonski,"3,911"
Michael Rectenwald,"3,624"
Donald Trump,"3,228"
Jacob Hornberger,"2,975"
Marianne Williamson,"2,144"
Claudia De La Cruz,"2,109"
Nikki Haley,"1,987"
Joseph Biden,"1,907"
Andy Williams,"1,234"
Charles Ballay,"1,109"
Dean Phillips,993
Cenk Uygur,966
Tom Ross,787
Shiva Ayyadurai,689
Terrisa Bukovinac,606
Frank Lozada,556
Jorge Zavala,534
Emanuel Pastreich,397
Jason Palmer,265
Ryan Binkley,243
Michael Wood,220
Vermin  Supreme,177
Gabriel Cornejo,159
Joseph Maldonado,153
Jimmy Cooper,113
Stephen Lyons,108
Angeline Payne,95
Willie Carter,95
Wayne Pope Sr,67
Sorinne Ardeleanu,59
Hirsh Singh,58
Walter Clapp,55
Eric Boerner,55
Michael Bickelmeyer,53
Susan Resch,44
Corey Stapleton,41
Tony Jones,36
Christin Powers,35
Jasmine Sherman,33
Rollan Roberts,32
Robby Wells,28
Jim Norris,26
Doug Jenkins,23
Jesus Torres,23
Timothy Villari,22
Armando Perez-Serrato,22
Joseph Foreman,20
Travis Lang,19
Susan Buchser-Lochocki,19
Charles Camilleri,17
Alander  Pulliam,14
Daniel Imperato,14
Robert  Cooke,11
Ian Netupsky,11
Steven Kross,11
Anthony  Hudson,9
Brittany  Jones,9
Earl Jackson,5
Andre  Nero,1
Suzzanna  Tanner,0
