Name,Votes
Chase Oliver,"4,292"
Robert Kennedy Jr,"3,639"
Lars Mapstead,"3,224"
Josh Smith,"3,175"
Michael Rectenwald,"2,132"
Donald Trump,"1,735"
Michael Ter-Maat,"1,664"
Jacob Hornberger,"1,621"
Cornel West,968
Ron Desantis,914
Jill Stein,890
Andy Williams,786
Marianne Williamson,740
Joseph Biden,694
Nikki Haley,487
Frank Lozada,453
Claudia De La Cruz,450
Tom Ross,448
Dean Phillips,417
Shiva Ayyadurai,347
Cenk Uygur,229
Jason Palmer,154
Gabriel Cornejo,122
Jorge Zavala,114
Stephen Lyons,108
Ryan Binkley,88
Joseph Maldonado,79
Emanuel Pastreich,71
Terrisa Bukovinac,60
Michael Wood,45
Jimmy Cooper,42
Angeline Payne,37
Willie Carter,32
Wayne Pope Sr,29
Eric Boerner,26
Michael Bickelmeyer,26
Susan Resch,18
Travis Lang,15
Hirsh Singh,14
Walter Clapp,13
Charles Camilleri,12
Steven Kross,11
Armando Perez-Serrato,10
Corey Stapleton,9
Rollan Roberts,7
Christin Powers,7
Susan Buchser-Lochocki,6
Jim Norris,6
Timothy Villari,3
Daniel Imperato,1
Jesus Torres,0
Earl Jackson,0
