Name,Votes
Chase Oliver,"7,650"
Robert Kennedy Jr,"6,044"
Jill Stein,"5,894"
Lars Mapstead,"5,806"
Josh Smith,"4,493"
Cornel West,"3,842"
Michael Rectenwald,"3,267"
Michael Ter-Maat,"3,174"
Donald Trump,"2,733"
Jacob Hornberger,"2,719"
Marianne Williamson,"1,900"
Claudia De La Cruz,"1,894"
Joseph Biden,"1,448"
Andy Williams,"1,166"
Nikki Haley,"1,127"
Cenk Uygur,826
Dean Phillips,733
Tom Ross,721
Shiva Ayyadurai,642
Frank Lozada,524
Jorge Zavala,497
Emanuel Pastreich,357
Jason Palmer,254
Terrisa Bukovinac,188
Ryan Binkley,164
Gabriel Cornejo,158
Michael Wood,141
Joseph Maldonado,129
Stephen Lyons,108
Jimmy Cooper,107
Angeline Payne,70
Willie Carter,66
Wayne Pope Sr,61
Hirsh Singh,52
Michael Bickelmeyer,42
Susan Resch,35
Walter Clapp,34
Eric Boerner,33
Corey Stapleton,24
Armando Perez-Serrato,21
Jim Norris,18
Susan Buchser-Lochocki,17
Charles Camilleri,17
Christin Powers,17
Timothy Villari,15
Travis Lang,15
Rollan Roberts,14
Steven Kross,11
Daniel Imperato,8
Jesus Torres,7
Earl Jackson,0
