Name,Votes
Claudia De La Cruz,"102,936"
Cornel West,"27,757"
Jill Stein,"18,880"
Peter Sonski,"14,639"
Jasmine Sherman,"11,746"
Robert Kennedy Jr,"11,089"
Chase Oliver,"10,808"
Lars Mapstead,"10,163"
Marianne Williamson,"7,868"
Josh Smith,"7,199"
Michael Ter-Maat,"6,240"
Cenk Uygur,"5,586"
Michael Rectenwald,"5,263"
Donald Trump,"5,091"
Joseph Biden,"4,876"
Jacob Hornberger,"4,080"
Nikki Haley,"3,653"
Charles Ballay,"2,507"
Dean Phillips,"2,139"
Joseph Afroman Foreman,"2,099"
Andy Williams,"2,032"
Terrisa Bukovinac,"1,887"
Vermin  Supreme,"1,640"
Brittany  Jones,"1,554"
Shiva Ayyadurai,"1,521"
Jorge Zavala,"1,507"
Tom Ross,"1,183"
Gabriel Cornejo,974
Alan Collinge,934
Emanuel Pastreich,880
Sorinne Ardeleanu,840
Frank Lozada,793
Jason Palmer,510
Ryan Binkley,420
Joseph Maldonado,407
Willie Carter,401
Robert  Cooke,380
Michael Wood,375
Jimmy Cooper,349
Armando Perez-Serrato,283
Angeline Payne,228
Wayne Pope Sr,208
Christin Powers,194
Doug Jenkins,155
Stephen Lyons,127
Tony Jones,123
Walter Clapp,106
Hirsh Singh,96
Eric Boerner,92
Suzzanna  Tanner,86
Jesus Torres,78
Susan Resch,77
Michael Bickelmeyer,75
Robby Wells,75
Susan Buchser-Lochocki,73
Charles Camilleri,72
Alander  Pulliam,67
Andre  Nero,65
Corey Stapleton,61
Timothy Villari,57
Jim Norris,48
Daniel Imperato,41
Rollan Roberts,41
Ian Netupsky,40
Anthony  Hudson,40
Travis Lang,27
Steven Kross,25
Earl Jackson,22
Adam Nicholas Paul,7
