Name,Votes
Claudia De La Cruz,"106,287"
Cornel West,"29,646"
Jill Stein,"20,822"
Peter Sonski,"15,149"
Jasmine Sherman,"14,337"
Chase Oliver,"13,419"
Lars Mapstead,"13,386"
Robert Kennedy Jr,"12,877"
Marianne Williamson,"8,738"
Josh Smith,"7,734"
Michael Ter-Maat,"6,744"
Joseph Biden,"5,979"
Cenk Uygur,"5,975"
Donald Trump,"5,888"
Michael Rectenwald,"5,823"
Jacob Hornberger,"5,077"
Nikki Haley,"4,384"
Charles Ballay,"3,399"
Joseph Afroman Foreman,"2,808"
Dean Phillips,"2,516"
Alan Collinge,"2,426"
Brittany  Jones,"2,237"
Andy Williams,"2,112"
Terrisa Bukovinac,"2,050"
Vermin  Supreme,"2,027"
Jorge Zavala,"1,672"
Shiva Ayyadurai,"1,638"
Tom Ross,"1,255"
Gabriel Cornejo,"1,117"
Sorinne Ardeleanu,"1,076"
Emanuel Pastreich,984
Frank Lozada,924
Jason Palmer,556
Willie Carter,535
Ryan Binkley,534
Joseph Maldonado,481
Robert  Cooke,420
Jimmy Cooper,412
Michael Wood,384
Armando Perez-Serrato,310
Angeline Payne,272
Wayne Pope Sr,252
Doug Jenkins,245
Christin Powers,205
Stephen Lyons,154
Susan Buchser-Lochocki,143
Eric Boerner,140
Tony Jones,134
Walter Clapp,132
Michael Bickelmeyer,120
Suzzanna  Tanner,114
Hirsh Singh,114
Charles Camilleri,110
Jesus Torres,107
Travis Lang,106
Steven Kross,102
Earl Jackson,101
Susan Resch,96
Alander  Pulliam,94
Robby Wells,92
Daniel Imperato,89
Corey Stapleton,74
Andre  Nero,72
Timothy Villari,70
Jim Norris,57
Adam Nicholas Paul,56
Rollan Roberts,56
Anthony  Hudson,55
Ian Netupsky,52
