Name,Votes
Claudia De La Cruz,"105,397"
Cornel West,"29,166"
Jill Stein,"20,345"
Peter Sonski,"15,002"
Jasmine Sherman,"13,743"
Robert Kennedy Jr,"12,333"
Chase Oliver,"12,282"
Lars Mapstead,"11,236"
Marianne Williamson,"8,505"
Josh Smith,"7,587"
Michael Ter-Maat,"6,531"
Cenk Uygur,"5,879"
Donald Trump,"5,670"
Joseph Biden,"5,637"
Michael Rectenwald,"5,616"
Jacob Hornberger,"4,588"
Nikki Haley,"4,189"
Charles Ballay,"2,993"
Joseph Afroman Foreman,"2,554"
Dean Phillips,"2,385"
Alan Collinge,"2,152"
Brittany  Jones,"2,122"
Andy Williams,"2,098"
Terrisa Bukovinac,"2,012"
Vermin  Supreme,"1,909"
Jorge Zavala,"1,616"
Shiva Ayyadurai,"1,603"
Tom Ross,"1,224"
Gabriel Cornejo,"1,077"
Sorinne Ardeleanu,971
Emanuel Pastreich,956
Frank Lozada,903
Jason Palmer,530
Willie Carter,502
Ryan Binkley,486
Joseph Maldonado,453
Robert  Cooke,404
Jimmy Cooper,392
Michael Wood,383
Armando Perez-Serrato,305
Angeline Payne,272
Wayne Pope Sr,245
Christin Powers,201
Doug Jenkins,181
Stephen Lyons,132
Tony Jones,126
Eric Boerner,117
Hirsh Singh,114
Walter Clapp,112
Suzzanna  Tanner,108
Susan Buchser-Lochocki,104
Jesus Torres,101
Alander  Pulliam,94
Robby Wells,92
Charles Camilleri,91
Michael Bickelmeyer,90
Susan Resch,89
Andre  Nero,69
Corey Stapleton,67
Timothy Villari,63
Jim Norris,57
Rollan Roberts,56
Ian Netupsky,50
Daniel Imperato,50
Anthony  Hudson,47
Travis Lang,43
Adam Nicholas Paul,40
Earl Jackson,38
Steven Kross,31
