Name,Votes
Chase Oliver,"9,394"
Claudia De La Cruz,"8,707"
Jill Stein,"8,187"
Robert Kennedy Jr,"7,949"
Lars Mapstead,"7,753"
Cornel West,"7,262"
Peter Sonski,"7,068"
Josh Smith,"6,482"
Michael Ter-Maat,"5,834"
Michael Rectenwald,"4,220"
Donald Trump,"4,070"
Jacob Hornberger,"3,454"
Marianne Williamson,"2,853"
Nikki Haley,"2,735"
Joseph Biden,"2,359"
Charles Ballay,"1,828"
Cenk Uygur,"1,374"
Andy Williams,"1,322"
Dean Phillips,"1,290"
Terrisa Bukovinac,957
Tom Ross,844
Shiva Ayyadurai,795
Jorge Zavala,670
Frank Lozada,575
Vermin  Supreme,470
Emanuel Pastreich,449
Ryan Binkley,339
Michael Wood,328
Jason Palmer,281
Jasmine Sherman,270
Gabriel Cornejo,228
Joseph Maldonado,215
Sorinne Ardeleanu,172
Joseph Foreman,154
Jimmy Cooper,143
Angeline Payne,125
Stephen Lyons,115
Willie Carter,110
Brittany  Jones,91
Walter Clapp,83
Hirsh Singh,75
Wayne Pope Sr,73
Eric Boerner,65
Michael Bickelmeyer,64
Tony Jones,63
Robert  Cooke,62
Susan Resch,55
Corey Stapleton,52
Christin Powers,49
Jesus Torres,48
Susan Buchser-Lochocki,45
Doug Jenkins,44
Timothy Villari,41
Robby Wells,38
Armando Perez-Serrato,34
Rollan Roberts,34
Jim Norris,33
Daniel Imperato,31
Suzzanna  Tanner,21
Ian Netupsky,20
Charles Camilleri,19
Travis Lang,19
Alander  Pulliam,18
Steven Kross,16
Anthony  Hudson,11
Earl Jackson,10
Andre  Nero,7
