Name,Votes
Chase Oliver,"9,086"
Robert Kennedy Jr,"7,409"
Lars Mapstead,"7,210"
Jill Stein,"6,839"
Peter Sonski,"5,909"
Josh Smith,"5,190"
Cornel West,"5,128"
Michael Ter-Maat,"4,433"
Michael Rectenwald,"3,882"
Donald Trump,"3,585"
Jacob Hornberger,"3,280"
Nikki Haley,"2,479"
Marianne Williamson,"2,281"
Claudia De La Cruz,"2,168"
Joseph Biden,"2,099"
Charles Ballay,"1,499"
Andy Williams,"1,251"
Dean Phillips,"1,150"
Cenk Uygur,985
Terrisa Bukovinac,843
Tom Ross,806
Shiva Ayyadurai,708
Frank Lozada,562
Jorge Zavala,546
Emanuel Pastreich,401
Ryan Binkley,317
Michael Wood,304
Vermin  Supreme,278
Jason Palmer,277
Gabriel Cornejo,167
Joseph Maldonado,164
Jimmy Cooper,118
Stephen Lyons,111
Sorinne Ardeleanu,108
Angeline Payne,105
Willie Carter,99
Walter Clapp,77
Hirsh Singh,72
Wayne Pope Sr,67
Eric Boerner,63
Michael Bickelmeyer,60
Susan Resch,54
Corey Stapleton,52
Doug Jenkins,43
Tony Jones,41
Christin Powers,36
Robby Wells,35
Jasmine Sherman,35
Susan Buchser-Lochocki,33
Rollan Roberts,32
Timothy Villari,31
Jim Norris,29
Jesus Torres,28
Joseph Foreman,26
Armando Perez-Serrato,22
Daniel Imperato,21
Travis Lang,19
Brittany  Jones,18
Charles Camilleri,17
Robert  Cooke,16
Ian Netupsky,14
Alander  Pulliam,14
Suzzanna  Tanner,11
Steven Kross,11
Anthony  Hudson,9
Earl Jackson,7
Andre  Nero,1
