Name,Votes
Chase Oliver,1735
Josh Smith,1551
Robert Kennedy Jr,1451
Lars Mapstead,1324
Michael Rectenwald,990
Michael Ter-Maat,910
Donald Trump,711
Jacob Hornberger,707
Cornel West,399
Ron Desantis,377
Marianne Williamson,376
Jill Stein,374
Joseph Biden,304
Nikki Haley,219
Tom Ross,204
Dean Phillips,200
Shiva Ayyadurai,142
Cenk Uygur,107
Claudia De La Cruz,98
Stephen Lyons,86
Jason Palmer,81
Frank Lozada,80
Gabriel Cornejo,55
Andy Williams,54
Jorge Zavala,38
Ryan Binkley,36
Joseph Maldonado,31
Emanuel Pastreich,30
Michael Bickelmeyer,16
Eric Boerner,15
Michael Wood,12
Hirsh Singh,11
Susan Resch,10
Travis Lang,10
Terrisa Bukovinac,9
Jimmy Cooper,8
Walter Clapp,8
Angeline Payne,7
Charles Camilleri,7
Willie Carter,6
Corey Stapleton,5
Susan Buchser-Lochocki,4
Timothy Villari,3
Rollan Roberts,3
Wayne Pope Sr,2
Armando Perez-Serrato,1
Daniel Imperato,1
Steven Kross,1
Jim Norris,1
Jesus Torres,0
Christin Powers,0
Earl Jackson,0
