Name,Votes
Chase Oliver,"4,247"
Robert Kennedy Jr,"3,578"
Lars Mapstead,"3,174"
Josh Smith,"3,136"
Michael Rectenwald,"2,112"
Donald Trump,"1,687"
Michael Ter-Maat,"1,647"
Jacob Hornberger,"1,603"
Cornel West,944
Ron Desantis,911
Jill Stein,867
Andy Williams,759
Marianne Williamson,728
Joseph Biden,690
Nikki Haley,485
Frank Lozada,453
Tom Ross,442
Claudia De La Cruz,433
Dean Phillips,415
Shiva Ayyadurai,338
Cenk Uygur,229
Jason Palmer,154
Gabriel Cornejo,122
Jorge Zavala,114
Stephen Lyons,108
Ryan Binkley,88
Joseph Maldonado,79
Emanuel Pastreich,71
Terrisa Bukovinac,55
Jimmy Cooper,42
Michael Wood,40
Angeline Payne,37
Willie Carter,32
Wayne Pope Sr,29
Eric Boerner,26
Michael Bickelmeyer,26
Susan Resch,18
Travis Lang,15
Hirsh Singh,14
Walter Clapp,13
Charles Camilleri,12
Steven Kross,11
Armando Perez-Serrato,10
Corey Stapleton,9
Rollan Roberts,7
Christin Powers,7
Susan Buchser-Lochocki,6
Jim Norris,6
Timothy Villari,3
Daniel Imperato,1
Jesus Torres,0
Earl Jackson,0
