Name,Votes
Claudia De La Cruz,"108,735"
Cornel West,"31,446"
Jill Stein,"22,003"
Chase Oliver,"20,443"
Jasmine Sherman,"18,596"
Lars Mapstead,"18,047"
Peter Sonski,"17,638"
Robert Kennedy Jr,"15,638"
Marianne Williamson,"10,012"
Josh Smith,"9,201"
Michael Ter-Maat,"8,081"
Jacob Hornberger,"7,575"
Michael Rectenwald,"7,555"
Joseph Biden,"7,189"
Donald Trump,"7,045"
Cenk Uygur,"6,448"
Nikki Haley,"5,412"
Charles Ballay,"5,199"
Joseph Afroman Foreman,"3,694"
Brittany  Jones,"3,512"
Alan Collinge,"3,141"
Vermin  Supreme,"3,063"
Dean Phillips,"3,009"
Frank Lozada,"2,343"
Terrisa Bukovinac,"2,326"
Andy Williams,"2,279"
Shiva Ayyadurai,"1,928"
Jorge Zavala,"1,795"
Sorinne Ardeleanu,"1,546"
Tom Ross,"1,349"
Gabriel Cornejo,"1,281"
Emanuel Pastreich,"1,060"
Willie Carter,722
Ryan Binkley,699
Joseph Maldonado,676
Jason Palmer,603
Jimmy Cooper,526
Robert  Cooke,472
Michael Wood,414
Angeline Payne,378
Armando Perez-Serrato,374
Wayne Pope Sr,365
Doug Jenkins,304
Stephen Lyons,267
Christin Powers,266
Susan Buchser-Lochocki,251
Eric Boerner,218
Earl Jackson,210
Daniel Imperato,201
Charles Camilleri,194
Suzzanna  Tanner,183
Tony Jones,180
Walter Clapp,173
Michael Bickelmeyer,164
Steven Kross,160
Travis Lang,156
Hirsh Singh,150
Susan Resch,140
Jesus Torres,135
Alander  Pulliam,131
Adam Nicholas Paul,114
Rollan Roberts,114
Robby Wells,112
Andre  Nero,103
Corey Stapleton,101
Jim Norris,96
Anthony  Hudson,88
Timothy Villari,82
Ian Netupsky,78
