Name,Votes
Chase Oliver,"3,350"
Robert Kennedy Jr,"3,155"
Josh Smith,"2,946"
Lars Mapstead,"2,505"
Michael Rectenwald,"1,972"
Donald Trump,"1,522"
Michael Ter-Maat,"1,479"
Jacob Hornberger,"1,418"
Cornel West,841
Ron Desantis,816
Jill Stein,711
Andy Williams,663
Marianne Williamson,652
Joseph Biden,623
Tom Ross,410
Frank Lozada,395
Nikki Haley,383
Dean Phillips,373
Claudia De La Cruz,359
Shiva Ayyadurai,291
Cenk Uygur,207
Jason Palmer,141
Gabriel Cornejo,113
Stephen Lyons,104
Jorge Zavala,83
Ryan Binkley,76
Joseph Maldonado,68
Emanuel Pastreich,61
Terrisa Bukovinac,49
Michael Wood,40
Jimmy Cooper,35
Willie Carter,31
Angeline Payne,29
Wayne Pope Sr,23
Michael Bickelmeyer,20
Susan Resch,18
Eric Boerner,15
Hirsh Singh,14
Walter Clapp,13
Steven Kross,11
Travis Lang,11
Charles Camilleri,10
Corey Stapleton,9
Christin Powers,7
Armando Perez-Serrato,5
Susan Buchser-Lochocki,4
Timothy Villari,3
Rollan Roberts,3
Jim Norris,2
Daniel Imperato,1
Jesus Torres,0
Earl Jackson,0
