Name,Votes
Claudia De La Cruz,"108,404"
Cornel West,"31,250"
Jill Stein,"21,875"
Chase Oliver,"19,873"
Jasmine Sherman,"18,069"
Lars Mapstead,"17,726"
Peter Sonski,"17,457"
Robert Kennedy Jr,"15,351"
Marianne Williamson,"9,888"
Josh Smith,"9,097"
Michael Ter-Maat,"7,988"
Michael Rectenwald,"7,426"
Jacob Hornberger,"7,424"
Joseph Biden,"7,067"
Donald Trump,"6,959"
Cenk Uygur,"6,409"
Nikki Haley,"5,306"
Charles Ballay,"5,097"
Joseph Afroman Foreman,"3,613"
Brittany  Jones,"3,215"
Alan Collinge,"3,062"
Vermin  Supreme,"2,980"
Dean Phillips,"2,976"
Frank Lozada,"2,337"
Terrisa Bukovinac,"2,299"
Andy Williams,"2,257"
Shiva Ayyadurai,"1,875"
Jorge Zavala,"1,779"
Sorinne Ardeleanu,"1,500"
Tom Ross,"1,334"
Gabriel Cornejo,"1,258"
Emanuel Pastreich,"1,053"
Willie Carter,702
Ryan Binkley,679
Joseph Maldonado,637
Jason Palmer,601
Jimmy Cooper,509
Robert  Cooke,462
Michael Wood,407
Armando Perez-Serrato,371
Angeline Payne,356
Wayne Pope Sr,348
Doug Jenkins,298
Christin Powers,264
Stephen Lyons,260
Susan Buchser-Lochocki,244
Earl Jackson,207
Eric Boerner,206
Daniel Imperato,198
Charles Camilleri,192
Walter Clapp,173
Tony Jones,162
Michael Bickelmeyer,158
Travis Lang,156
Steven Kross,153
Suzzanna  Tanner,152
Hirsh Singh,145
Susan Resch,135
Jesus Torres,129
Alander  Pulliam,120
Robby Wells,111
Adam Nicholas Paul,107
Rollan Roberts,102
Corey Stapleton,98
Andre  Nero,95
Jim Norris,95
Timothy Villari,82
Anthony  Hudson,82
Ian Netupsky,64
