Name,Votes
Chase Oliver,"4,959"
Robert Kennedy Jr,"4,256"
Lars Mapstead,"3,858"
Josh Smith,"3,375"
Michael Rectenwald,"2,283"
Donald Trump,"1,970"
Jacob Hornberger,"1,839"
Michael Ter-Maat,"1,827"
Cornel West,"1,222"
Jill Stein,"1,139"
Ron Desantis,"1,012"
Andy Williams,976
Marianne Williamson,879
Joseph Biden,830
Nikki Haley,604
Claudia De La Cruz,583
Tom Ross,562
Dean Phillips,483
Frank Lozada,474
Shiva Ayyadurai,389
Cenk Uygur,271
Jason Palmer,217
Jorge Zavala,146
Terrisa Bukovinac,144
Gabriel Cornejo,129
Ryan Binkley,114
Stephen Lyons,108
Emanuel Pastreich,98
Joseph Maldonado,90
Michael Wood,75
Jimmy Cooper,51
Angeline Payne,46
Wayne Pope Sr,40
Willie Carter,38
Susan Resch,28
Hirsh Singh,27
Eric Boerner,26
Michael Bickelmeyer,26
Walter Clapp,15
Travis Lang,15
Armando Perez-Serrato,13
Charles Camilleri,13
Christin Powers,12
Steven Kross,11
Corey Stapleton,9
Timothy Villari,7
Rollan Roberts,7
Susan Buchser-Lochocki,6
Jim Norris,6
Jesus Torres,3
Daniel Imperato,1
Earl Jackson,0
