Name,Votes
Claudia De La Cruz,"101,231"
Cornel West,"26,658"
Jill Stein,"17,826"
Peter Sonski,"14,612"
Robert Kennedy Jr,"10,728"
Chase Oliver,"10,661"
Jasmine Sherman,"10,467"
Lars Mapstead,"9,251"
Marianne Williamson,"7,482"
Josh Smith,"7,022"
Michael Ter-Maat,"6,177"
Cenk Uygur,"5,308"
Michael Rectenwald,"5,174"
Donald Trump,"4,925"
Joseph Biden,"4,517"
Jacob Hornberger,"4,046"
Nikki Haley,"3,555"
Charles Ballay,"2,455"
Dean Phillips,"2,055"
Andy Williams,"1,965"
Joseph Afroman Foreman,"1,938"
Terrisa Bukovinac,"1,830"
Vermin  Supreme,"1,554"
Brittany  Jones,"1,444"
Shiva Ayyadurai,"1,435"
Jorge Zavala,"1,417"
Tom Ross,"1,165"
Gabriel Cornejo,894
Emanuel Pastreich,835
Sorinne Ardeleanu,781
Frank Lozada,769
Jason Palmer,495
Ryan Binkley,406
Joseph Maldonado,397
Michael Wood,372
Willie Carter,366
Robert  Cooke,357
Jimmy Cooper,319
Armando Perez-Serrato,273
Angeline Payne,208
Wayne Pope Sr,183
Christin Powers,176
Doug Jenkins,144
Stephen Lyons,125
Tony Jones,120
Walter Clapp,104
Hirsh Singh,86
Suzzanna  Tanner,82
Eric Boerner,80
Susan Resch,71
Susan Buchser-Lochocki,70
Michael Bickelmeyer,68
Robby Wells,68
Jesus Torres,65
Timothy Villari,57
Corey Stapleton,55
Andre  Nero,54
Alander  Pulliam,54
Charles Camilleri,53
Jim Norris,43
Rollan Roberts,41
Ian Netupsky,39
Daniel Imperato,37
Anthony  Hudson,32
Travis Lang,26
Steven Kross,23
Earl Jackson,21
Adam Nicholas Paul,2
Alan Collinge,0
