Name,Votes
Chase Oliver,"9,004"
Robert Kennedy Jr,"7,261"
Lars Mapstead,"7,056"
Jill Stein,"6,755"
Peter Sonski,"5,176"
Josh Smith,"5,097"
Cornel West,"4,981"
Michael Ter-Maat,"4,375"
Michael Rectenwald,"3,806"
Donald Trump,"3,451"
Jacob Hornberger,"3,235"
Nikki Haley,"2,276"
Marianne Williamson,"2,216"
Claudia De La Cruz,"2,155"
Joseph Biden,"2,035"
Charles Ballay,"1,423"
Andy Williams,"1,240"
Dean Phillips,"1,100"
Cenk Uygur,979
Tom Ross,797
Terrisa Bukovinac,713
Shiva Ayyadurai,702
Frank Lozada,562
Jorge Zavala,546
Emanuel Pastreich,401
Ryan Binkley,305
Jason Palmer,277
Vermin  Supreme,235
Michael Wood,234
Gabriel Cornejo,167
Joseph Maldonado,162
Jimmy Cooper,118
Stephen Lyons,111
Sorinne Ardeleanu,103
Willie Carter,99
Angeline Payne,99
Walter Clapp,70
Wayne Pope Sr,67
Hirsh Singh,61
Eric Boerner,57
Michael Bickelmeyer,56
Susan Resch,49
Corey Stapleton,42
Christin Powers,36
Tony Jones,36
Jasmine Sherman,35
Robby Wells,32
Rollan Roberts,32
Doug Jenkins,29
Susan Buchser-Lochocki,29
Timothy Villari,28
Jesus Torres,26
Jim Norris,26
Joseph Foreman,23
Armando Perez-Serrato,22
Travis Lang,19
Brittany  Jones,18
Charles Camilleri,17
Daniel Imperato,16
Robert  Cooke,16
Ian Netupsky,14
Alander  Pulliam,14
Steven Kross,11
Anthony  Hudson,9
Earl Jackson,7
Andre  Nero,1
Suzzanna  Tanner,0
