Name,Votes
Chase Oliver,"4,634"
Robert Kennedy Jr,"3,992"
Lars Mapstead,"3,583"
Josh Smith,"3,293"
Michael Rectenwald,"2,217"
Donald Trump,"1,897"
Michael Ter-Maat,"1,757"
Jacob Hornberger,"1,752"
Cornel West,"1,110"
Jill Stein,"1,030"
Ron Desantis,980
Andy Williams,909
Marianne Williamson,832
Joseph Biden,751
Nikki Haley,540
Claudia De La Cruz,530
Tom Ross,484
Frank Lozada,471
Dean Phillips,443
Shiva Ayyadurai,378
Cenk Uygur,252
Jason Palmer,184
Jorge Zavala,134
Gabriel Cornejo,122
Stephen Lyons,108
Ryan Binkley,95
Emanuel Pastreich,94
Joseph Maldonado,90
Terrisa Bukovinac,72
Michael Wood,62
Jimmy Cooper,45
Angeline Payne,39
Wayne Pope Sr,35
Willie Carter,34
Eric Boerner,26
Michael Bickelmeyer,26
Hirsh Singh,20
Susan Resch,19
Travis Lang,15
Charles Camilleri,13
Walter Clapp,13
Steven Kross,11
Armando Perez-Serrato,10
Corey Stapleton,9
Timothy Villari,7
Rollan Roberts,7
Christin Powers,7
Susan Buchser-Lochocki,6
Jim Norris,6
Jesus Torres,3
Daniel Imperato,1
Earl Jackson,0
