Name,Votes
Claudia De La Cruz,"99,108"
Cornel West,"24,779"
Jill Stein,"16,065"
Peter Sonski,"14,553"
Chase Oliver,"10,505"
Robert Kennedy Jr,"10,465"
Lars Mapstead,"9,176"
Jasmine Sherman,"7,657"
Josh Smith,"6,995"
Marianne Williamson,"6,968"
Michael Ter-Maat,"6,144"
Michael Rectenwald,"5,127"
Donald Trump,"4,839"
Cenk Uygur,"4,802"
Joseph Biden,"4,304"
Jacob Hornberger,"3,995"
Nikki Haley,"3,470"
Charles Ballay,"2,427"
Dean Phillips,"1,946"
Andy Williams,"1,902"
Terrisa Bukovinac,"1,769"
Joseph Afroman Foreman,"1,658"
Vermin  Supreme,"1,439"
Shiva Ayyadurai,"1,364"
Jorge Zavala,"1,332"
Brittany  Jones,"1,226"
Tom Ross,"1,142"
Gabriel Cornejo,816
Emanuel Pastreich,800
Frank Lozada,763
Sorinne Ardeleanu,725
Jason Palmer,460
Joseph Maldonado,390
Ryan Binkley,389
Michael Wood,371
Willie Carter,350
Robert  Cooke,325
Jimmy Cooper,296
Armando Perez-Serrato,252
Angeline Payne,188
Christin Powers,164
Wayne Pope Sr,159
Doug Jenkins,139
Stephen Lyons,125
Tony Jones,116
Walter Clapp,104
Hirsh Singh,86
Eric Boerner,77
Susan Resch,71
Suzzanna  Tanner,69
Susan Buchser-Lochocki,67
Michael Bickelmeyer,64
Jesus Torres,62
Robby Wells,57
Corey Stapleton,55
Timothy Villari,54
Charles Camilleri,53
Alander  Pulliam,47
Andre  Nero,46
Jim Norris,43
Rollan Roberts,39
Daniel Imperato,37
Anthony  Hudson,32
Ian Netupsky,32
Travis Lang,26
Steven Kross,23
Earl Jackson,21
Adam Nicholas Paul,0
