Name,Votes
Claudia De La Cruz,"103,443"
Cornel West,"28,026"
Jill Stein,"19,160"
Peter Sonski,"14,651"
Jasmine Sherman,"12,118"
Robert Kennedy Jr,"11,181"
Chase Oliver,"10,811"
Lars Mapstead,"10,180"
Marianne Williamson,"7,996"
Josh Smith,"7,232"
Michael Ter-Maat,"6,247"
Cenk Uygur,"5,643"
Michael Rectenwald,"5,276"
Donald Trump,"5,174"
Joseph Biden,"4,969"
Jacob Hornberger,"4,090"
Nikki Haley,"3,698"
Charles Ballay,"2,509"
Dean Phillips,"2,161"
Joseph Afroman Foreman,"2,147"
Andy Williams,"2,039"
Terrisa Bukovinac,"1,900"
Vermin  Supreme,"1,658"
Brittany  Jones,"1,584"
Shiva Ayyadurai,"1,551"
Jorge Zavala,"1,533"
Alan Collinge,"1,185"
Tom Ross,"1,183"
Gabriel Cornejo,991
Emanuel Pastreich,890
Sorinne Ardeleanu,860
Frank Lozada,859
Jason Palmer,516
Ryan Binkley,431
Joseph Maldonado,415
Willie Carter,410
Robert  Cooke,384
Michael Wood,375
Jimmy Cooper,357
Armando Perez-Serrato,286
Angeline Payne,228
Wayne Pope Sr,215
Christin Powers,194
Doug Jenkins,155
Stephen Lyons,127
Tony Jones,123
Walter Clapp,107
Hirsh Singh,96
Eric Boerner,92
Suzzanna  Tanner,91
Michael Bickelmeyer,81
Jesus Torres,80
Susan Resch,77
Charles Camilleri,75
Robby Wells,75
Susan Buchser-Lochocki,73
Alander  Pulliam,67
Andre  Nero,65
Corey Stapleton,63
Timothy Villari,58
Jim Norris,48
Daniel Imperato,41
Rollan Roberts,41
Ian Netupsky,40
Anthony  Hudson,40
Earl Jackson,27
Travis Lang,27
Steven Kross,25
Adam Nicholas Paul,7
