Name,Votes
Chase Oliver,1585
Josh Smith,1465
Robert Kennedy Jr,1233
Lars Mapstead,1208
Michael Rectenwald,923
Michael Ter-Maat,841
Jacob Hornberger,659
Donald Trump,646
Ron Desantis,323
Marianne Williamson,317
Jill Stein,301
Cornel West,296
Joseph Biden,235
Nikki Haley,202
Dean Phillips,155
Tom Ross,152
Shiva Ayyadurai,130
Cenk Uygur,90
Stephen Lyons,77
Claudia De La Cruz,76
Jason Palmer,59
Frank Lozada,56
Gabriel Cornejo,44
Ryan Binkley,32
Joseph Maldonado,31
Jorge Zavala,27
Andy Williams,17
Michael Bickelmeyer,16
Emanuel Pastreich,15
Eric Boerner,11
Michael Wood,10
Travis Lang,10
Terrisa Bukovinac,9
Walter Clapp,8
Charles Camilleri,7
Willie Carter,6
Corey Stapleton,5
Hirsh Singh,5
Susan Resch,5
Susan Buchser-Lochocki,4
Angeline Payne,4
Timothy Villari,3
Jimmy Cooper,3
Rollan Roberts,3
Wayne Pope Sr,2
Armando Perez-Serrato,1
Daniel Imperato,1
Steven Kross,1
Jim Norris,1
Jesus Torres,0
Christin Powers,0
Earl Jackson,0
