Name,Votes
Chase Oliver,"5,057"
Robert Kennedy Jr,"4,570"
Lars Mapstead,"3,978"
Josh Smith,"3,421"
Jill Stein,"2,725"
Michael Rectenwald,"2,380"
Donald Trump,"2,079"
Cornel West,"2,076"
Michael Ter-Maat,"1,961"
Jacob Hornberger,"1,891"
Marianne Williamson,"1,209"
Ron Desantis,"1,031"
Claudia De La Cruz,"1,013"
Andy Williams,"1,013"
Joseph Biden,980
Nikki Haley,689
Tom Ross,593
Dean Phillips,536
Frank Lozada,474
Shiva Ayyadurai,424
Cenk Uygur,408
Jorge Zavala,255
Jason Palmer,217
Emanuel Pastreich,180
Terrisa Bukovinac,151
Gabriel Cornejo,129
Ryan Binkley,115
Stephen Lyons,108
Joseph Maldonado,98
Michael Wood,88
Jimmy Cooper,56
Willie Carter,46
Angeline Payne,46
Wayne Pope Sr,42
Susan Resch,31
Hirsh Singh,27
Eric Boerner,26
Michael Bickelmeyer,26
Christin Powers,15
Walter Clapp,15
Travis Lang,15
Armando Perez-Serrato,13
Charles Camilleri,13
Timothy Villari,12
Steven Kross,11
Susan Buchser-Lochocki,9
Corey Stapleton,9
Rollan Roberts,7
Jim Norris,6
Jesus Torres,3
Daniel Imperato,1
Earl Jackson,0
