Name,Votes
Claudia De La Cruz,"98,780"
Cornel West,"24,597"
Jill Stein,"15,950"
Peter Sonski,"14,529"
Chase Oliver,"10,487"
Robert Kennedy Jr,"10,438"
Lars Mapstead,"9,173"
Jasmine Sherman,"7,176"
Josh Smith,"6,995"
Marianne Williamson,"6,897"
Michael Ter-Maat,"6,144"
Michael Rectenwald,"5,121"
Donald Trump,"4,826"
Cenk Uygur,"4,745"
Joseph Biden,"4,283"
Jacob Hornberger,"3,990"
Nikki Haley,"3,461"
Charles Ballay,"2,415"
Dean Phillips,"1,934"
Andy Williams,"1,885"
Terrisa Bukovinac,"1,753"
Joseph Foreman,"1,629"
Vermin  Supreme,"1,437"
Shiva Ayyadurai,"1,356"
Jorge Zavala,"1,331"
Brittany  Jones,"1,160"
Tom Ross,"1,139"
Gabriel Cornejo,816
Emanuel Pastreich,793
Frank Lozada,751
Sorinne Ardeleanu,717
Jason Palmer,457
Ryan Binkley,389
Joseph Maldonado,382
Michael Wood,371
Willie Carter,347
Robert  Cooke,322
Jimmy Cooper,292
Armando Perez-Serrato,251
Angeline Payne,188
Christin Powers,164
Wayne Pope Sr,157
Doug Jenkins,139
Stephen Lyons,125
Tony Jones,116
Walter Clapp,104
Hirsh Singh,86
Eric Boerner,77
Susan Resch,71
Susan Buchser-Lochocki,67
Michael Bickelmeyer,64
Suzzanna  Tanner,62
Jesus Torres,62
Corey Stapleton,55
Timothy Villari,54
Charles Camilleri,53
Robby Wells,52
Alander  Pulliam,46
Jim Norris,43
Andre  Nero,42
Rollan Roberts,39
Daniel Imperato,37
Anthony  Hudson,32
Ian Netupsky,32
Travis Lang,26
Steven Kross,23
Earl Jackson,21
