Name,Votes
Claudia De La Cruz,"101,641"
Cornel West,"27,033"
Jill Stein,"18,285"
Peter Sonski,"14,626"
Jasmine Sherman,"10,862"
Robert Kennedy Jr,"10,796"
Chase Oliver,"10,707"
Lars Mapstead,"9,499"
Marianne Williamson,"7,606"
Josh Smith,"7,028"
Michael Ter-Maat,"6,185"
Cenk Uygur,"5,403"
Michael Rectenwald,"5,184"
Donald Trump,"4,933"
Joseph Biden,"4,556"
Jacob Hornberger,"4,057"
Nikki Haley,"3,568"
Charles Ballay,"2,474"
Dean Phillips,"2,072"
Andy Williams,"1,977"
Joseph Afroman Foreman,"1,974"
Terrisa Bukovinac,"1,832"
Vermin  Supreme,"1,578"
Brittany  Jones,"1,466"
Shiva Ayyadurai,"1,447"
Jorge Zavala,"1,446"
Tom Ross,"1,165"
Gabriel Cornejo,902
Emanuel Pastreich,853
Sorinne Ardeleanu,784
Frank Lozada,775
Jason Palmer,496
Ryan Binkley,406
Joseph Maldonado,397
Michael Wood,374
Robert  Cooke,368
Willie Carter,366
Jimmy Cooper,327
Armando Perez-Serrato,277
Angeline Payne,208
Christin Powers,183
Wayne Pope Sr,183
Doug Jenkins,144
Stephen Lyons,125
Tony Jones,120
Walter Clapp,104
Alan Collinge,88
Hirsh Singh,86
Suzzanna  Tanner,82
Eric Boerner,80
Susan Resch,71
Robby Wells,70
Susan Buchser-Lochocki,70
Michael Bickelmeyer,68
Jesus Torres,65
Timothy Villari,57
Corey Stapleton,55
Andre  Nero,54
Alander  Pulliam,54
Charles Camilleri,53
Jim Norris,43
Rollan Roberts,41
Ian Netupsky,39
Daniel Imperato,37
Anthony  Hudson,32
Travis Lang,26
Steven Kross,23
Earl Jackson,21
Adam Nicholas Paul,3
