Name,Votes
Claudia De La Cruz,"90,147"
Cornel West,"21,636"
Jill Stein,"14,366"
Peter Sonski,"14,064"
Chase Oliver,"10,269"
Robert Kennedy Jr,"9,846"
Lars Mapstead,"9,029"
Josh Smith,"6,796"
Marianne Williamson,"6,127"
Michael Ter-Maat,"6,039"
Michael Rectenwald,"4,725"
Donald Trump,"4,515"
Cenk Uygur,"4,188"
Joseph Biden,"3,845"
Jacob Hornberger,"3,805"
Nikki Haley,"3,260"
Jasmine Sherman,"2,825"
Charles Ballay,"2,248"
Dean Phillips,"1,763"
Andy Williams,"1,703"
Terrisa Bukovinac,"1,576"
Joseph Foreman,"1,395"
Shiva Ayyadurai,"1,224"
Vermin  Supreme,"1,203"
Jorge Zavala,"1,179"
Tom Ross,"1,043"
Emanuel Pastreich,728
Frank Lozada,697
Gabriel Cornejo,696
Sorinne Ardeleanu,596
Brittany  Jones,530
Ryan Binkley,372
Jason Palmer,371
Michael Wood,354
Joseph Maldonado,338
Willie Carter,293
Robert  Cooke,275
Jimmy Cooper,257
Armando Perez-Serrato,226
Angeline Payne,172
Wayne Pope Sr,135
Christin Powers,131
Stephen Lyons,119
Doug Jenkins,117
Tony Jones,112
Walter Clapp,94
Hirsh Singh,84
Eric Boerner,71
Susan Resch,64
Michael Bickelmeyer,64
Jesus Torres,59
Corey Stapleton,55
Susan Buchser-Lochocki,54
Robby Wells,49
Timothy Villari,44
Suzzanna  Tanner,41
Charles Camilleri,41
Alander  Pulliam,35
Rollan Roberts,35
Jim Norris,35
Daniel Imperato,34
Ian Netupsky,27
Andre  Nero,25
Travis Lang,22
Earl Jackson,19
Steven Kross,18
Anthony  Hudson,16
