Name,Votes
Claudia De La Cruz,"97,095"
Cornel West,"23,776"
Jill Stein,"15,444"
Peter Sonski,"14,472"
Chase Oliver,"10,438"
Robert Kennedy Jr,"10,248"
Lars Mapstead,"9,113"
Josh Smith,"6,965"
Marianne Williamson,"6,664"
Michael Ter-Maat,"6,113"
Michael Rectenwald,"5,021"
Jasmine Sherman,"4,832"
Donald Trump,"4,717"
Cenk Uygur,"4,560"
Joseph Biden,"4,143"
Jacob Hornberger,"3,943"
Nikki Haley,"3,421"
Charles Ballay,"2,394"
Dean Phillips,"1,881"
Andy Williams,"1,831"
Terrisa Bukovinac,"1,688"
Joseph Foreman,"1,543"
Vermin  Supreme,"1,323"
Shiva Ayyadurai,"1,323"
Jorge Zavala,"1,288"
Tom Ross,"1,110"
Brittany  Jones,966
Gabriel Cornejo,774
Emanuel Pastreich,772
Frank Lozada,720
Sorinne Ardeleanu,670
Jason Palmer,454
Ryan Binkley,381
Michael Wood,361
Joseph Maldonado,360
Willie Carter,317
Robert  Cooke,305
Jimmy Cooper,282
Armando Perez-Serrato,243
Angeline Payne,183
Christin Powers,157
Wayne Pope Sr,144
Doug Jenkins,128
Stephen Lyons,125
Tony Jones,115
Walter Clapp,101
Hirsh Singh,86
Eric Boerner,74
Susan Buchser-Lochocki,67
Susan Resch,66
Michael Bickelmeyer,64
Jesus Torres,62
Corey Stapleton,55
Suzzanna  Tanner,54
Timothy Villari,53
Robby Wells,52
Charles Camilleri,50
Jim Norris,42
Alander  Pulliam,41
Andre  Nero,37
Rollan Roberts,35
Daniel Imperato,34
Ian Netupsky,32
Anthony  Hudson,26
Travis Lang,22
Earl Jackson,19
Steven Kross,18
