Name,Votes
Chase Oliver,2076
Robert Kennedy Jr,2034
Josh Smith,1939
Lars Mapstead,1586
Michael Rectenwald,1270
Michael Ter-Maat,1061
Donald Trump,977
Jacob Hornberger,839
Cornel West,551
Jill Stein,536
Ron Desantis,521
Marianne Williamson,481
Joseph Biden,403
Tom Ross,289
Nikki Haley,286
Dean Phillips,254
Claudia De La Cruz,207
Andy Williams,174
Shiva Ayyadurai,170
Cenk Uygur,148
Frank Lozada,93
Stephen Lyons,92
Jason Palmer,86
Gabriel Cornejo,68
Jorge Zavala,60
Ryan Binkley,39
Emanuel Pastreich,38
Joseph Maldonado,36
Michael Wood,29
Willie Carter,18
Michael Bickelmeyer,17
Eric Boerner,15
Angeline Payne,14
Susan Resch,12
Jimmy Cooper,11
Hirsh Singh,11
Travis Lang,10
Terrisa Bukovinac,9
Walter Clapp,8
Wayne Pope Sr,7
Charles Camilleri,7
Corey Stapleton,5
Susan Buchser-Lochocki,4
Timothy Villari,3
Rollan Roberts,3
Armando Perez-Serrato,1
Daniel Imperato,1
Steven Kross,1
Jim Norris,1
Jesus Torres,0
Christin Powers,0
Earl Jackson,0
