Name,Votes
Claudia De La Cruz,"96,522"
Cornel West,"23,516"
Jill Stein,"15,274"
Peter Sonski,"14,464"
Chase Oliver,"10,411"
Robert Kennedy Jr,"10,198"
Lars Mapstead,"9,104"
Josh Smith,"6,949"
Marianne Williamson,"6,595"
Michael Ter-Maat,"6,095"
Michael Rectenwald,"4,973"
Donald Trump,"4,691"
Cenk Uygur,"4,510"
Joseph Biden,"4,102"
Jasmine Sherman,"4,022"
Jacob Hornberger,"3,914"
Nikki Haley,"3,405"
Charles Ballay,"2,381"
Dean Phillips,"1,863"
Andy Williams,"1,810"
Terrisa Bukovinac,"1,673"
Joseph Foreman,"1,521"
Shiva Ayyadurai,"1,305"
Vermin  Supreme,"1,292"
Jorge Zavala,"1,268"
Tom Ross,"1,096"
Brittany  Jones,901
Emanuel Pastreich,759
Gabriel Cornejo,758
Frank Lozada,719
Sorinne Ardeleanu,653
Jason Palmer,454
Ryan Binkley,381
Joseph Maldonado,360
Michael Wood,356
Willie Carter,309
Robert  Cooke,305
Jimmy Cooper,275
Armando Perez-Serrato,243
Angeline Payne,173
Christin Powers,146
Wayne Pope Sr,144
Doug Jenkins,128
Stephen Lyons,125
Tony Jones,115
Walter Clapp,100
Hirsh Singh,84
Eric Boerner,74
Susan Resch,66
Michael Bickelmeyer,64
Susan Buchser-Lochocki,63
Jesus Torres,62
Corey Stapleton,55
Timothy Villari,53
Suzzanna  Tanner,51
Robby Wells,50
Charles Camilleri,46
Jim Norris,42
Alander  Pulliam,39
Andre  Nero,37
Rollan Roberts,35
Daniel Imperato,34
Ian Netupsky,30
Anthony  Hudson,26
Travis Lang,22
Earl Jackson,19
Steven Kross,18
