Name,Votes
Claudia De La Cruz,"99,762"
Cornel West,"25,229"
Jill Stein,"16,295"
Peter Sonski,"14,576"
Chase Oliver,"10,529"
Robert Kennedy Jr,"10,526"
Lars Mapstead,"9,195"
Jasmine Sherman,"8,783"
Marianne Williamson,"7,068"
Josh Smith,"6,999"
Michael Ter-Maat,"6,148"
Michael Rectenwald,"5,141"
Cenk Uygur,"4,928"
Donald Trump,"4,858"
Joseph Biden,"4,354"
Jacob Hornberger,"4,012"
Nikki Haley,"3,494"
Charles Ballay,"2,433"
Dean Phillips,"1,966"
Andy Williams,"1,928"
Terrisa Bukovinac,"1,791"
Joseph Afroman Foreman,"1,772"
Vermin  Supreme,"1,461"
Shiva Ayyadurai,"1,374"
Jorge Zavala,"1,353"
Brittany  Jones,"1,332"
Tom Ross,"1,147"
Gabriel Cornejo,841
Emanuel Pastreich,808
Frank Lozada,763
Sorinne Ardeleanu,750
Jason Palmer,460
Joseph Maldonado,390
Ryan Binkley,389
Michael Wood,371
Willie Carter,350
Robert  Cooke,330
Jimmy Cooper,300
Armando Perez-Serrato,258
Angeline Payne,195
Christin Powers,174
Wayne Pope Sr,167
Doug Jenkins,140
Stephen Lyons,125
Tony Jones,116
Walter Clapp,104
Hirsh Singh,86
Suzzanna  Tanner,79
Eric Boerner,78
Susan Resch,71
Susan Buchser-Lochocki,69
Michael Bickelmeyer,64
Jesus Torres,62
Robby Wells,57
Corey Stapleton,55
Timothy Villari,54
Charles Camilleri,53
Alander  Pulliam,52
Andre  Nero,49
Jim Norris,43
Rollan Roberts,39
Daniel Imperato,37
Anthony  Hudson,32
Ian Netupsky,32
Travis Lang,26
Steven Kross,23
Earl Jackson,21
Adam Nicholas Paul,0
