Name,Votes
Claudia De La Cruz,"97,383"
Cornel West,"23,913"
Jill Stein,"15,538"
Peter Sonski,"14,473"
Chase Oliver,"10,438"
Robert Kennedy Jr,"10,278"
Lars Mapstead,"9,120"
Josh Smith,"6,965"
Marianne Williamson,"6,695"
Michael Ter-Maat,"6,117"
Jasmine Sherman,"5,216"
Michael Rectenwald,"5,045"
Donald Trump,"4,739"
Cenk Uygur,"4,590"
Joseph Biden,"4,161"
Jacob Hornberger,"3,949"
Nikki Haley,"3,428"
Charles Ballay,"2,400"
Dean Phillips,"1,886"
Andy Williams,"1,837"
Terrisa Bukovinac,"1,693"
Joseph Foreman,"1,554"
Vermin  Supreme,"1,336"
Shiva Ayyadurai,"1,335"
Jorge Zavala,"1,292"
Tom Ross,"1,120"
Brittany  Jones,979
Gabriel Cornejo,781
Emanuel Pastreich,776
Frank Lozada,726
Sorinne Ardeleanu,678
Jason Palmer,454
Ryan Binkley,381
Michael Wood,361
Joseph Maldonado,360
Willie Carter,323
Robert  Cooke,305
Jimmy Cooper,282
Armando Perez-Serrato,243
Angeline Payne,185
Christin Powers,160
Wayne Pope Sr,147
Doug Jenkins,137
Stephen Lyons,125
Tony Jones,115
Walter Clapp,101
Hirsh Singh,86
Eric Boerner,74
Susan Resch,69
Susan Buchser-Lochocki,67
Michael Bickelmeyer,64
Jesus Torres,62
Suzzanna  Tanner,57
Corey Stapleton,55
Timothy Villari,53
Robby Wells,52
Charles Camilleri,50
Jim Norris,43
Alander  Pulliam,41
Rollan Roberts,39
Andre  Nero,37
Daniel Imperato,34
Ian Netupsky,32
Anthony  Hudson,26
Travis Lang,22
Earl Jackson,19
Steven Kross,18
