Name,Votes
Claudia De La Cruz,"101,838"
Cornel West,"27,168"
Jill Stein,"18,398"
Peter Sonski,"14,626"
Jasmine Sherman,"11,008"
Robert Kennedy Jr,"10,807"
Chase Oliver,"10,709"
Lars Mapstead,"9,510"
Marianne Williamson,"7,654"
Josh Smith,"7,034"
Michael Ter-Maat,"6,189"
Cenk Uygur,"5,436"
Michael Rectenwald,"5,187"
Donald Trump,"4,933"
Joseph Biden,"4,562"
Jacob Hornberger,"4,060"
Nikki Haley,"3,575"
Charles Ballay,"2,476"
Dean Phillips,"2,083"
Joseph Afroman Foreman,"2,007"
Andy Williams,"1,983"
Terrisa Bukovinac,"1,835"
Vermin  Supreme,"1,578"
Brittany  Jones,"1,477"
Shiva Ayyadurai,"1,453"
Jorge Zavala,"1,452"
Tom Ross,"1,168"
Gabriel Cornejo,916
Emanuel Pastreich,853
Sorinne Ardeleanu,788
Frank Lozada,778
Jason Palmer,501
Ryan Binkley,406
Joseph Maldonado,403
Michael Wood,374
Willie Carter,371
Robert  Cooke,368
Jimmy Cooper,328
Armando Perez-Serrato,277
Angeline Payne,208
Christin Powers,188
Wayne Pope Sr,187
Doug Jenkins,146
Stephen Lyons,125
Tony Jones,120
Walter Clapp,104
Alan Collinge,94
Suzzanna  Tanner,86
Hirsh Singh,86
Eric Boerner,80
Susan Resch,71
Robby Wells,70
Susan Buchser-Lochocki,70
Michael Bickelmeyer,68
Jesus Torres,65
Andre  Nero,59
Alander  Pulliam,57
Timothy Villari,57
Corey Stapleton,55
Charles Camilleri,54
Jim Norris,43
Rollan Roberts,41
Daniel Imperato,40
Ian Netupsky,39
Anthony  Hudson,36
Travis Lang,27
Steven Kross,25
Earl Jackson,21
Adam Nicholas Paul,3
