Name,Votes
Claudia De La Cruz,"106,148"
Cornel West,"29,528"
Jill Stein,"20,733"
Peter Sonski,"15,121"
Jasmine Sherman,"14,222"
Lars Mapstead,"13,077"
Chase Oliver,"13,056"
Robert Kennedy Jr,"12,753"
Marianne Williamson,"8,664"
Josh Smith,"7,693"
Michael Ter-Maat,"6,676"
Cenk Uygur,"5,939"
Joseph Biden,"5,930"
Donald Trump,"5,835"
Michael Rectenwald,"5,785"
Jacob Hornberger,"4,963"
Nikki Haley,"4,340"
Charles Ballay,"3,325"
Joseph Afroman Foreman,"2,729"
Dean Phillips,"2,477"
Alan Collinge,"2,388"
Brittany  Jones,"2,221"
Andy Williams,"2,111"
Terrisa Bukovinac,"2,044"
Vermin  Supreme,"1,990"
Jorge Zavala,"1,664"
Shiva Ayyadurai,"1,635"
Tom Ross,"1,254"
Gabriel Cornejo,"1,113"
Sorinne Ardeleanu,"1,035"
Emanuel Pastreich,982
Frank Lozada,921
Jason Palmer,556
Willie Carter,532
Ryan Binkley,530
Joseph Maldonado,476
Robert  Cooke,419
Jimmy Cooper,403
Michael Wood,384
Armando Perez-Serrato,310
Angeline Payne,272
Wayne Pope Sr,252
Doug Jenkins,242
Christin Powers,205
Stephen Lyons,150
Eric Boerner,134
Tony Jones,133
Susan Buchser-Lochocki,126
Michael Bickelmeyer,117
Walter Clapp,116
Suzzanna  Tanner,114
Hirsh Singh,114
Travis Lang,106
Charles Camilleri,105
Jesus Torres,103
Steven Kross,102
Earl Jackson,97
Susan Resch,96
Alander  Pulliam,94
Robby Wells,92
Daniel Imperato,84
Corey Stapleton,74
Andre  Nero,72
Timothy Villari,68
Jim Norris,57
Rollan Roberts,56
Anthony  Hudson,55
Ian Netupsky,52
Adam Nicholas Paul,50
