Name,Votes
Claudia De La Cruz,"108,034"
Cornel West,"31,040"
Jill Stein,"21,722"
Chase Oliver,"19,179"
Lars Mapstead,"17,403"
Peter Sonski,"17,266"
Jasmine Sherman,"16,640"
Robert Kennedy Jr,"15,047"
Marianne Williamson,"9,781"
Josh Smith,"8,966"
Michael Ter-Maat,"7,889"
Michael Rectenwald,"7,256"
Jacob Hornberger,"7,190"
Joseph Biden,"6,950"
Donald Trump,"6,805"
Cenk Uygur,"6,334"
Nikki Haley,"5,213"
Charles Ballay,"4,908"
Joseph Afroman Foreman,"3,549"
Brittany  Jones,"3,077"
Alan Collinge,"3,020"
Dean Phillips,"2,947"
Vermin  Supreme,"2,875"
Frank Lozada,"2,335"
Terrisa Bukovinac,"2,283"
Andy Williams,"2,233"
Shiva Ayyadurai,"1,857"
Jorge Zavala,"1,748"
Sorinne Ardeleanu,"1,453"
Tom Ross,"1,318"
Gabriel Cornejo,"1,243"
Emanuel Pastreich,"1,047"
Willie Carter,690
Ryan Binkley,674
Joseph Maldonado,628
Jason Palmer,592
Jimmy Cooper,501
Robert  Cooke,457
Michael Wood,407
Armando Perez-Serrato,366
Wayne Pope Sr,348
Angeline Payne,344
Doug Jenkins,297
Christin Powers,259
Stephen Lyons,257
Susan Buchser-Lochocki,241
Earl Jackson,207
Eric Boerner,204
Daniel Imperato,197
Charles Camilleri,192
Walter Clapp,167
Michael Bickelmeyer,158
Travis Lang,156
Tony Jones,156
Steven Kross,153
Suzzanna  Tanner,140
Hirsh Singh,139
Susan Resch,135
Jesus Torres,123
Alander  Pulliam,120
Robby Wells,108
Rollan Roberts,100
Adam Nicholas Paul,97
Andre  Nero,95
Jim Norris,95
Corey Stapleton,94
Timothy Villari,82
Anthony  Hudson,82
Ian Netupsky,64
