Name,Votes
Claudia De La Cruz,"103,281"
Cornel West,"27,927"
Jill Stein,"19,037"
Peter Sonski,"14,651"
Jasmine Sherman,"12,021"
Robert Kennedy Jr,"11,165"
Chase Oliver,"10,811"
Lars Mapstead,"10,175"
Marianne Williamson,"7,944"
Josh Smith,"7,226"
Michael Ter-Maat,"6,247"
Cenk Uygur,"5,620"
Michael Rectenwald,"5,276"
Donald Trump,"5,153"
Joseph Biden,"4,951"
Jacob Hornberger,"4,090"
Nikki Haley,"3,692"
Charles Ballay,"2,509"
Dean Phillips,"2,151"
Joseph Afroman Foreman,"2,125"
Andy Williams,"2,036"
Terrisa Bukovinac,"1,897"
Vermin  Supreme,"1,651"
Brittany  Jones,"1,572"
Shiva Ayyadurai,"1,551"
Jorge Zavala,"1,522"
Tom Ross,"1,183"
Alan Collinge,"1,146"
Gabriel Cornejo,978
Emanuel Pastreich,881
Frank Lozada,859
Sorinne Ardeleanu,841
Jason Palmer,516
Ryan Binkley,428
Joseph Maldonado,415
Willie Carter,403
Robert  Cooke,381
Michael Wood,375
Jimmy Cooper,357
Armando Perez-Serrato,283
Angeline Payne,228
Wayne Pope Sr,209
Christin Powers,194
Doug Jenkins,155
Stephen Lyons,127
Tony Jones,123
Walter Clapp,106
Hirsh Singh,96
Eric Boerner,92
Suzzanna  Tanner,91
Michael Bickelmeyer,81
Jesus Torres,80
Susan Resch,77
Charles Camilleri,75
Robby Wells,75
Susan Buchser-Lochocki,73
Alander  Pulliam,67
Andre  Nero,65
Corey Stapleton,63
Timothy Villari,58
Jim Norris,48
Daniel Imperato,41
Rollan Roberts,41
Ian Netupsky,40
Anthony  Hudson,40
Travis Lang,27
Steven Kross,25
Earl Jackson,22
Adam Nicholas Paul,7
