Name,Votes
Chase Oliver,"4,550"
Robert Kennedy Jr,"3,862"
Lars Mapstead,"3,511"
Josh Smith,"3,275"
Michael Rectenwald,"2,209"
Donald Trump,"1,862"
Michael Ter-Maat,"1,744"
Jacob Hornberger,"1,729"
Cornel West,"1,049"
Jill Stein,"1,004"
Ron Desantis,959
Andy Williams,892
Marianne Williamson,793
Joseph Biden,736
Claudia De La Cruz,511
Nikki Haley,511
Tom Ross,478
Frank Lozada,471
Dean Phillips,432
Shiva Ayyadurai,361
Cenk Uygur,252
Jason Palmer,178
Jorge Zavala,128
Gabriel Cornejo,122
Stephen Lyons,108
Ryan Binkley,89
Joseph Maldonado,87
Emanuel Pastreich,86
Terrisa Bukovinac,66
Michael Wood,49
Jimmy Cooper,43
Angeline Payne,39
Wayne Pope Sr,35
Willie Carter,32
Eric Boerner,26
Michael Bickelmeyer,26
Hirsh Singh,20
Susan Resch,19
Travis Lang,15
Walter Clapp,13
Charles Camilleri,12
Steven Kross,11
Armando Perez-Serrato,10
Corey Stapleton,9
Timothy Villari,7
Rollan Roberts,7
Christin Powers,7
Susan Buchser-Lochocki,6
Jim Norris,6
Jesus Torres,3
Daniel Imperato,1
Earl Jackson,0
