Name,Votes
Chase Oliver,"9,197"
Robert Kennedy Jr,"7,591"
Lars Mapstead,"7,261"
Jill Stein,"6,962"
Peter Sonski,"6,441"
Josh Smith,"5,351"
Cornel West,"5,222"
Michael Ter-Maat,"4,954"
Michael Rectenwald,"4,027"
Donald Trump,"3,677"
Jacob Hornberger,"3,334"
Nikki Haley,"2,581"
Marianne Williamson,"2,335"
Claudia De La Cruz,"2,200"
Joseph Biden,"2,159"
Charles Ballay,"1,565"
Andy Williams,"1,264"
Dean Phillips,"1,190"
Cenk Uygur,995
Terrisa Bukovinac,871
Tom Ross,820
Shiva Ayyadurai,721
Frank Lozada,562
Jorge Zavala,561
Emanuel Pastreich,404
Ryan Binkley,321
Michael Wood,312
Vermin  Supreme,305
Jason Palmer,277
Joseph Maldonado,168
Gabriel Cornejo,168
Sorinne Ardeleanu,126
Jimmy Cooper,123
Stephen Lyons,111
Angeline Payne,107
Willie Carter,99
Walter Clapp,83
Hirsh Singh,75
Wayne Pope Sr,67
Eric Boerner,63
Michael Bickelmeyer,60
Tony Jones,57
Susan Resch,55
Corey Stapleton,52
Doug Jenkins,43
Jasmine Sherman,39
Susan Buchser-Lochocki,38
Timothy Villari,38
Robby Wells,37
Joseph Foreman,36
Christin Powers,36
Jesus Torres,33
Jim Norris,33
Rollan Roberts,32
Daniel Imperato,27
Robert  Cooke,24
Armando Perez-Serrato,22
Travis Lang,19
Alander  Pulliam,18
Brittany  Jones,18
Charles Camilleri,17
Steven Kross,16
Ian Netupsky,15
Suzzanna  Tanner,11
Anthony  Hudson,9
Earl Jackson,7
Andre  Nero,1
