Name,Votes
Claudia De La Cruz,"107,226"
Cornel West,"30,429"
Jill Stein,"21,359"
Peter Sonski,"16,862"
Lars Mapstead,"16,241"
Chase Oliver,"15,971"
Jasmine Sherman,"15,279"
Robert Kennedy Jr,"13,900"
Marianne Williamson,"9,506"
Josh Smith,"8,280"
Michael Ter-Maat,"7,372"
Joseph Biden,"6,663"
Michael Rectenwald,"6,528"
Donald Trump,"6,286"
Cenk Uygur,"6,187"
Jacob Hornberger,"6,142"
Nikki Haley,"4,799"
Charles Ballay,"4,126"
Joseph Afroman Foreman,"3,347"
Alan Collinge,"2,918"
Dean Phillips,"2,823"
Vermin  Supreme,"2,522"
Brittany  Jones,"2,379"
Frank Lozada,"2,318"
Terrisa Bukovinac,"2,186"
Andy Williams,"2,153"
Shiva Ayyadurai,"1,726"
Jorge Zavala,"1,711"
Tom Ross,"1,287"
Sorinne Ardeleanu,"1,257"
Gabriel Cornejo,"1,210"
Emanuel Pastreich,"1,022"
Willie Carter,665
Ryan Binkley,647
Jason Palmer,586
Joseph Maldonado,583
Jimmy Cooper,468
Robert  Cooke,432
Michael Wood,401
Armando Perez-Serrato,354
Angeline Payne,325
Wayne Pope Sr,325
Doug Jenkins,289
Stephen Lyons,257
Christin Powers,246
Susan Buchser-Lochocki,230
Earl Jackson,206
Eric Boerner,198
Daniel Imperato,190
Charles Camilleri,189
Walter Clapp,166
Michael Bickelmeyer,155
Travis Lang,150
Tony Jones,147
Steven Kross,146
Susan Resch,135
Hirsh Singh,135
Suzzanna  Tanner,132
Jesus Torres,122
Robby Wells,108
Alander  Pulliam,107
Rollan Roberts,96
Corey Stapleton,94
Jim Norris,92
Andre  Nero,80
Adam Nicholas Paul,79
Timothy Villari,77
Anthony  Hudson,74
Ian Netupsky,64
