Name,Votes
Chase Oliver,"4,909"
Robert Kennedy Jr,"4,221"
Lars Mapstead,"3,806"
Josh Smith,"3,365"
Michael Rectenwald,"2,275"
Donald Trump,"1,946"
Jacob Hornberger,"1,831"
Michael Ter-Maat,"1,810"
Cornel West,"1,212"
Jill Stein,"1,131"
Ron Desantis,"1,009"
Andy Williams,969
Marianne Williamson,876
Joseph Biden,825
Nikki Haley,594
Claudia De La Cruz,583
Tom Ross,556
Dean Phillips,477
Frank Lozada,474
Shiva Ayyadurai,389
Cenk Uygur,267
Jason Palmer,217
Jorge Zavala,146
Terrisa Bukovinac,144
Gabriel Cornejo,129
Ryan Binkley,114
Stephen Lyons,108
Emanuel Pastreich,98
Joseph Maldonado,90
Michael Wood,75
Jimmy Cooper,51
Angeline Payne,46
Wayne Pope Sr,40
Willie Carter,38
Hirsh Singh,27
Eric Boerner,26
Michael Bickelmeyer,26
Susan Resch,24
Walter Clapp,15
Travis Lang,15
Armando Perez-Serrato,13
Charles Camilleri,13
Christin Powers,12
Steven Kross,11
Corey Stapleton,9
Timothy Villari,7
Rollan Roberts,7
Susan Buchser-Lochocki,6
Jim Norris,6
Jesus Torres,3
Daniel Imperato,1
Earl Jackson,0
