Name,Votes
Chase Oliver,"8,603"
Robert Kennedy Jr,"7,008"
Lars Mapstead,"6,767"
Jill Stein,"6,638"
Cornel West,"4,868"
Josh Smith,"4,769"
Peter Sonski,"4,218"
Michael Ter-Maat,"4,132"
Michael Rectenwald,"3,630"
Donald Trump,"3,267"
Jacob Hornberger,"2,985"
Marianne Williamson,"2,158"
Claudia De La Cruz,"2,124"
Nikki Haley,"2,036"
Joseph Biden,"1,941"
Andy Williams,"1,235"
Charles Ballay,"1,168"
Dean Phillips,"1,021"
Cenk Uygur,973
Tom Ross,787
Shiva Ayyadurai,689
Terrisa Bukovinac,616
Frank Lozada,562
Jorge Zavala,534
Emanuel Pastreich,397
Jason Palmer,265
Ryan Binkley,259
Michael Wood,224
Vermin  Supreme,179
Gabriel Cornejo,165
Joseph Maldonado,153
Jimmy Cooper,113
Stephen Lyons,111
Angeline Payne,99
Willie Carter,97
Wayne Pope Sr,67
Sorinne Ardeleanu,62
Hirsh Singh,58
Eric Boerner,57
Michael Bickelmeyer,56
Walter Clapp,55
Susan Resch,44
Corey Stapleton,41
Tony Jones,36
Christin Powers,35
Jasmine Sherman,33
Rollan Roberts,32
Robby Wells,28
Jim Norris,26
Doug Jenkins,24
Jesus Torres,23
Timothy Villari,22
Armando Perez-Serrato,22
Joseph Foreman,20
Travis Lang,19
Susan Buchser-Lochocki,19
Charles Camilleri,17
Alander  Pulliam,14
Daniel Imperato,14
Brittany  Jones,13
Robert  Cooke,11
Ian Netupsky,11
Steven Kross,11
Anthony  Hudson,9
Earl Jackson,5
Andre  Nero,1
Suzzanna  Tanner,0
