Name,Votes
Claudia De La Cruz,"102,412"
Cornel West,"27,437"
Jill Stein,"18,669"
Peter Sonski,"14,636"
Jasmine Sherman,"11,342"
Robert Kennedy Jr,"10,899"
Chase Oliver,"10,743"
Lars Mapstead,"9,663"
Marianne Williamson,"7,720"
Josh Smith,"7,106"
Michael Ter-Maat,"6,217"
Cenk Uygur,"5,505"
Michael Rectenwald,"5,227"
Donald Trump,"4,972"
Joseph Biden,"4,594"
Jacob Hornberger,"4,067"
Nikki Haley,"3,593"
Charles Ballay,"2,484"
Dean Phillips,"2,107"
Joseph Afroman Foreman,"2,039"
Andy Williams,"1,994"
Terrisa Bukovinac,"1,838"
Vermin  Supreme,"1,615"
Brittany  Jones,"1,520"
Shiva Ayyadurai,"1,469"
Jorge Zavala,"1,466"
Tom Ross,"1,176"
Gabriel Cornejo,922
Emanuel Pastreich,860
Sorinne Ardeleanu,811
Frank Lozada,778
Jason Palmer,510
Ryan Binkley,410
Joseph Maldonado,403
Michael Wood,375
Willie Carter,374
Robert  Cooke,373
Jimmy Cooper,329
Armando Perez-Serrato,277
Angeline Payne,214
Christin Powers,193
Alan Collinge,190
Wayne Pope Sr,189
Doug Jenkins,151
Stephen Lyons,125
Tony Jones,123
Walter Clapp,104
Suzzanna  Tanner,86
Hirsh Singh,86
Eric Boerner,82
Susan Resch,72
Jesus Torres,71
Robby Wells,70
Susan Buchser-Lochocki,70
Michael Bickelmeyer,68
Alander  Pulliam,62
Andre  Nero,60
Timothy Villari,57
Corey Stapleton,55
Charles Camilleri,54
Jim Norris,43
Rollan Roberts,41
Daniel Imperato,40
Ian Netupsky,39
Anthony  Hudson,36
Travis Lang,27
Steven Kross,25
Earl Jackson,22
Adam Nicholas Paul,3
