Name,Votes
Claudia De La Cruz,"105,479"
Cornel West,"29,199"
Jill Stein,"20,382"
Peter Sonski,"15,026"
Jasmine Sherman,"13,801"
Robert Kennedy Jr,"12,356"
Chase Oliver,"12,337"
Lars Mapstead,"11,263"
Marianne Williamson,"8,509"
Josh Smith,"7,587"
Michael Ter-Maat,"6,541"
Cenk Uygur,"5,881"
Donald Trump,"5,683"
Joseph Biden,"5,670"
Michael Rectenwald,"5,629"
Jacob Hornberger,"4,611"
Nikki Haley,"4,204"
Charles Ballay,"3,010"
Joseph Afroman Foreman,"2,559"
Dean Phillips,"2,392"
Alan Collinge,"2,169"
Brittany  Jones,"2,134"
Andy Williams,"2,098"
Terrisa Bukovinac,"2,012"
Vermin  Supreme,"1,913"
Jorge Zavala,"1,622"
Shiva Ayyadurai,"1,603"
Tom Ross,"1,224"
Gabriel Cornejo,"1,086"
Sorinne Ardeleanu,976
Emanuel Pastreich,963
Frank Lozada,903
Jason Palmer,536
Willie Carter,502
Ryan Binkley,486
Joseph Maldonado,462
Robert  Cooke,410
Jimmy Cooper,397
Michael Wood,383
Armando Perez-Serrato,305
Angeline Payne,272
Wayne Pope Sr,245
Christin Powers,201
Doug Jenkins,181
Stephen Lyons,132
Tony Jones,128
Eric Boerner,117
Hirsh Singh,114
Walter Clapp,112
Suzzanna  Tanner,109
Susan Buchser-Lochocki,104
Jesus Torres,101
Alander  Pulliam,94
Michael Bickelmeyer,92
Robby Wells,92
Charles Camilleri,91
Susan Resch,89
Andre  Nero,69
Corey Stapleton,67
Timothy Villari,63
Jim Norris,57
Rollan Roberts,56
Ian Netupsky,50
Daniel Imperato,50
Anthony  Hudson,47
Travis Lang,43
Adam Nicholas Paul,40
Earl Jackson,38
Steven Kross,31
