Name,Votes
Chase Oliver,"9,158"
Robert Kennedy Jr,"7,545"
Lars Mapstead,"7,233"
Jill Stein,"6,918"
Peter Sonski,"6,287"
Josh Smith,"5,278"
Cornel West,"5,200"
Michael Ter-Maat,"4,482"
Michael Rectenwald,"3,959"
Donald Trump,"3,648"
Jacob Hornberger,"3,314"
Nikki Haley,"2,536"
Marianne Williamson,"2,314"
Claudia De La Cruz,"2,200"
Joseph Biden,"2,144"
Charles Ballay,"1,540"
Andy Williams,"1,252"
Dean Phillips,"1,178"
Cenk Uygur,990
Terrisa Bukovinac,868
Tom Ross,815
Shiva Ayyadurai,710
Frank Lozada,562
Jorge Zavala,553
Emanuel Pastreich,404
Ryan Binkley,321
Michael Wood,309
Vermin  Supreme,298
Jason Palmer,277
Gabriel Cornejo,168
Joseph Maldonado,164
Sorinne Ardeleanu,119
Jimmy Cooper,118
Stephen Lyons,111
Angeline Payne,105
Willie Carter,99
Walter Clapp,82
Hirsh Singh,73
Wayne Pope Sr,67
Eric Boerner,63
Michael Bickelmeyer,60
Susan Resch,54
Corey Stapleton,52
Tony Jones,50
Doug Jenkins,43
Jasmine Sherman,39
Timothy Villari,38
Joseph Foreman,36
Christin Powers,36
Robby Wells,35
Susan Buchser-Lochocki,33
Rollan Roberts,32
Jim Norris,30
Jesus Torres,28
Daniel Imperato,24
Robert  Cooke,22
Armando Perez-Serrato,22
Travis Lang,19
Alander  Pulliam,18
Brittany  Jones,18
Charles Camilleri,17
Steven Kross,16
Ian Netupsky,15
Suzzanna  Tanner,11
Anthony  Hudson,9
Earl Jackson,7
Andre  Nero,1
