Name,Votes
Claudia De La Cruz,"9,900"
Chase Oliver,"9,572"
Jill Stein,"8,407"
Robert Kennedy Jr,"8,055"
Lars Mapstead,"7,814"
Cornel West,"7,561"
Peter Sonski,"7,089"
Josh Smith,"6,531"
Michael Ter-Maat,"5,856"
Michael Rectenwald,"4,269"
Donald Trump,"4,119"
Jacob Hornberger,"3,514"
Marianne Williamson,"2,949"
Nikki Haley,"2,775"
Joseph Biden,"2,406"
Charles Ballay,"1,870"
Cenk Uygur,"1,435"
Andy Williams,"1,331"
Dean Phillips,"1,308"
Terrisa Bukovinac,962
Tom Ross,849
Shiva Ayyadurai,805
Jorge Zavala,671
Frank Lozada,575
Vermin  Supreme,520
Emanuel Pastreich,465
Ryan Binkley,339
Michael Wood,336
Jasmine Sherman,331
Jason Palmer,287
Gabriel Cornejo,230
Joseph Maldonado,223
Joseph Foreman,196
Sorinne Ardeleanu,193
Jimmy Cooper,143
Angeline Payne,125
Stephen Lyons,115
Willie Carter,110
Brittany  Jones,101
Walter Clapp,83
Hirsh Singh,75
Wayne Pope Sr,73
Robert  Cooke,67
Eric Boerner,65
Michael Bickelmeyer,64
Tony Jones,63
Susan Resch,55
Jesus Torres,52
Corey Stapleton,52
Christin Powers,49
Doug Jenkins,48
Susan Buchser-Lochocki,45
Timothy Villari,41
Robby Wells,38
Jim Norris,35
Armando Perez-Serrato,34
Rollan Roberts,34
Daniel Imperato,31
Suzzanna  Tanner,21
Ian Netupsky,20
Charles Camilleri,19
Travis Lang,19
Alander  Pulliam,18
Steven Kross,16
Anthony  Hudson,11
Andre  Nero,10
Earl Jackson,10
