Name,Votes
Chase Oliver,"4,437"
Robert Kennedy Jr,"3,765"
Lars Mapstead,"3,412"
Josh Smith,"3,261"
Michael Rectenwald,"2,189"
Donald Trump,"1,809"
Michael Ter-Maat,"1,722"
Jacob Hornberger,"1,688"
Cornel West,"1,013"
Jill Stein,950
Ron Desantis,945
Andy Williams,810
Marianne Williamson,773
Joseph Biden,717
Nikki Haley,510
Claudia De La Cruz,485
Frank Lozada,471
Tom Ross,466
Dean Phillips,422
Shiva Ayyadurai,358
Cenk Uygur,240
Jason Palmer,160
Jorge Zavala,123
Gabriel Cornejo,122
Stephen Lyons,108
Ryan Binkley,88
Joseph Maldonado,84
Emanuel Pastreich,80
Terrisa Bukovinac,60
Michael Wood,49
Jimmy Cooper,43
Angeline Payne,39
Willie Carter,32
Wayne Pope Sr,31
Eric Boerner,26
Michael Bickelmeyer,26
Hirsh Singh,20
Susan Resch,19
Travis Lang,15
Walter Clapp,13
Charles Camilleri,12
Steven Kross,11
Armando Perez-Serrato,10
Corey Stapleton,9
Rollan Roberts,7
Christin Powers,7
Susan Buchser-Lochocki,6
Jim Norris,6
Jesus Torres,3
Timothy Villari,3
Daniel Imperato,1
Earl Jackson,0
