Name,Votes
Claudia De La Cruz,"100,852"
Cornel West,"26,293"
Jill Stein,"17,352"
Peter Sonski,"14,590"
Robert Kennedy Jr,"10,642"
Chase Oliver,"10,605"
Jasmine Sherman,"10,127"
Lars Mapstead,"9,227"
Marianne Williamson,"7,382"
Josh Smith,"7,011"
Michael Ter-Maat,"6,158"
Cenk Uygur,"5,190"
Michael Rectenwald,"5,165"
Donald Trump,"4,910"
Joseph Biden,"4,489"
Jacob Hornberger,"4,021"
Nikki Haley,"3,531"
Charles Ballay,"2,447"
Dean Phillips,"2,039"
Andy Williams,"1,948"
Joseph Afroman Foreman,"1,901"
Terrisa Bukovinac,"1,810"
Vermin  Supreme,"1,528"
Brittany  Jones,"1,430"
Shiva Ayyadurai,"1,409"
Jorge Zavala,"1,397"
Tom Ross,"1,158"
Gabriel Cornejo,889
Emanuel Pastreich,829
Sorinne Ardeleanu,767
Frank Lozada,764
Jason Palmer,494
Ryan Binkley,403
Joseph Maldonado,397
Michael Wood,371
Willie Carter,366
Robert  Cooke,357
Jimmy Cooper,318
Armando Perez-Serrato,270
Angeline Payne,208
Wayne Pope Sr,178
Christin Powers,176
Doug Jenkins,144
Stephen Lyons,125
Tony Jones,120
Walter Clapp,104
Hirsh Singh,86
Suzzanna  Tanner,82
Eric Boerner,78
Susan Resch,71
Susan Buchser-Lochocki,69
Robby Wells,68
Jesus Torres,65
Michael Bickelmeyer,64
Corey Stapleton,55
Alander  Pulliam,54
Timothy Villari,54
Andre  Nero,53
Charles Camilleri,53
Jim Norris,43
Ian Netupsky,39
Rollan Roberts,39
Daniel Imperato,37
Anthony  Hudson,32
Travis Lang,26
Steven Kross,23
Earl Jackson,21
Adam Nicholas Paul,2
