Name,Votes
Claudia De La Cruz,"98,343"
Cornel West,"24,323"
Jill Stein,"15,789"
Peter Sonski,"14,492"
Chase Oliver,"10,472"
Robert Kennedy Jr,"10,364"
Lars Mapstead,"9,146"
Josh Smith,"6,986"
Marianne Williamson,"6,814"
Jasmine Sherman,"6,423"
Michael Ter-Maat,"6,134"
Michael Rectenwald,"5,091"
Donald Trump,"4,804"
Cenk Uygur,"4,685"
Joseph Biden,"4,238"
Jacob Hornberger,"3,967"
Nikki Haley,"3,448"
Charles Ballay,"2,406"
Dean Phillips,"1,918"
Andy Williams,"1,862"
Terrisa Bukovinac,"1,738"
Joseph Foreman,"1,606"
Vermin  Supreme,"1,410"
Shiva Ayyadurai,"1,353"
Jorge Zavala,"1,312"
Tom Ross,"1,128"
Brittany  Jones,"1,095"
Gabriel Cornejo,809
Emanuel Pastreich,790
Frank Lozada,751
Sorinne Ardeleanu,710
Jason Palmer,457
Ryan Binkley,389
Joseph Maldonado,382
Michael Wood,368
Willie Carter,342
Robert  Cooke,322
Jimmy Cooper,292
Armando Perez-Serrato,250
Angeline Payne,186
Christin Powers,164
Wayne Pope Sr,157
Doug Jenkins,139
Stephen Lyons,125
Tony Jones,116
Walter Clapp,104
Hirsh Singh,86
Eric Boerner,76
Susan Resch,69
Susan Buchser-Lochocki,67
Michael Bickelmeyer,64
Jesus Torres,62
Suzzanna  Tanner,57
Corey Stapleton,55
Timothy Villari,54
Robby Wells,52
Charles Camilleri,50
Alander  Pulliam,43
Jim Norris,43
Rollan Roberts,39
Daniel Imperato,37
Andre  Nero,37
Anthony  Hudson,32
Ian Netupsky,32
Travis Lang,26
Steven Kross,23
Earl Jackson,21
