Name,Votes
Claudia De La Cruz,"106,338"
Cornel West,"29,698"
Jill Stein,"20,868"
Peter Sonski,"15,178"
Jasmine Sherman,"14,347"
Chase Oliver,"13,653"
Lars Mapstead,"13,625"
Robert Kennedy Jr,"12,979"
Marianne Williamson,"8,768"
Josh Smith,"7,756"
Michael Ter-Maat,"6,791"
Joseph Biden,"6,018"
Cenk Uygur,"5,986"
Donald Trump,"5,919"
Michael Rectenwald,"5,876"
Jacob Hornberger,"5,142"
Nikki Haley,"4,423"
Charles Ballay,"3,453"
Joseph Afroman Foreman,"2,862"
Dean Phillips,"2,546"
Alan Collinge,"2,443"
Brittany  Jones,"2,237"
Andy Williams,"2,116"
Terrisa Bukovinac,"2,069"
Vermin  Supreme,"2,067"
Jorge Zavala,"1,672"
Shiva Ayyadurai,"1,638"
Tom Ross,"1,260"
Gabriel Cornejo,"1,128"
Sorinne Ardeleanu,"1,077"
Emanuel Pastreich,984
Frank Lozada,928
Jason Palmer,556
Ryan Binkley,541
Willie Carter,538
Joseph Maldonado,481
Jimmy Cooper,421
Robert  Cooke,420
Michael Wood,384
Armando Perez-Serrato,316
Angeline Payne,277
Wayne Pope Sr,257
Doug Jenkins,245
Christin Powers,205
Stephen Lyons,159
Susan Buchser-Lochocki,146
Eric Boerner,140
Tony Jones,134
Walter Clapp,132
Michael Bickelmeyer,121
Travis Lang,115
Charles Camilleri,115
Suzzanna  Tanner,114
Hirsh Singh,114
Steven Kross,107
Jesus Torres,107
Earl Jackson,104
Susan Resch,100
Robby Wells,98
Alander  Pulliam,95
Daniel Imperato,92
Corey Stapleton,76
Andre  Nero,75
Timothy Villari,70
Jim Norris,64
Adam Nicholas Paul,57
Rollan Roberts,56
Anthony  Hudson,55
Ian Netupsky,52
