Name,Votes
Chase Oliver,"9,155"
Robert Kennedy Jr,"7,523"
Lars Mapstead,"7,230"
Jill Stein,"6,899"
Peter Sonski,"6,190"
Josh Smith,"5,243"
Cornel West,"5,192"
Michael Ter-Maat,"4,473"
Michael Rectenwald,"3,942"
Donald Trump,"3,645"
Jacob Hornberger,"3,295"
Nikki Haley,"2,522"
Marianne Williamson,"2,314"
Claudia De La Cruz,"2,187"
Joseph Biden,"2,125"
Charles Ballay,"1,524"
Andy Williams,"1,252"
Dean Phillips,"1,176"
Cenk Uygur,990
Terrisa Bukovinac,861
Tom Ross,815
Shiva Ayyadurai,710
Frank Lozada,562
Jorge Zavala,549
Emanuel Pastreich,401
Ryan Binkley,321
Michael Wood,306
Vermin  Supreme,293
Jason Palmer,277
Gabriel Cornejo,168
Joseph Maldonado,164
Jimmy Cooper,118
Sorinne Ardeleanu,111
Stephen Lyons,111
Angeline Payne,105
Willie Carter,99
Walter Clapp,82
Hirsh Singh,73
Wayne Pope Sr,67
Eric Boerner,63
Michael Bickelmeyer,60
Susan Resch,54
Corey Stapleton,52
Tony Jones,47
Doug Jenkins,43
Jasmine Sherman,39
Joseph Foreman,36
Christin Powers,36
Timothy Villari,35
Robby Wells,35
Susan Buchser-Lochocki,33
Rollan Roberts,32
Jim Norris,30
Jesus Torres,28
Daniel Imperato,24
Armando Perez-Serrato,22
Travis Lang,19
Brittany  Jones,18
Charles Camilleri,17
Steven Kross,16
Robert  Cooke,16
Ian Netupsky,15
Alander  Pulliam,14
Suzzanna  Tanner,11
Anthony  Hudson,9
Earl Jackson,7
Andre  Nero,1
