Name,Votes
Claudia De La Cruz,"97,991"
Cornel West,"24,152"
Jill Stein,"15,699"
Peter Sonski,"14,490"
Chase Oliver,"10,454"
Robert Kennedy Jr,"10,317"
Lars Mapstead,"9,130"
Josh Smith,"6,982"
Marianne Williamson,"6,746"
Michael Ter-Maat,"6,134"
Jasmine Sherman,"6,002"
Michael Rectenwald,"5,079"
Donald Trump,"4,780"
Cenk Uygur,"4,649"
Joseph Biden,"4,215"
Jacob Hornberger,"3,960"
Nikki Haley,"3,442"
Charles Ballay,"2,406"
Dean Phillips,"1,896"
Andy Williams,"1,860"
Terrisa Bukovinac,"1,719"
Joseph Foreman,"1,577"
Vermin  Supreme,"1,403"
Shiva Ayyadurai,"1,345"
Jorge Zavala,"1,307"
Tom Ross,"1,128"
Brittany  Jones,"1,036"
Emanuel Pastreich,790
Gabriel Cornejo,789
Frank Lozada,741
Sorinne Ardeleanu,697
Jason Palmer,454
Ryan Binkley,383
Joseph Maldonado,375
Michael Wood,361
Willie Carter,331
Robert  Cooke,318
Jimmy Cooper,282
Armando Perez-Serrato,246
Angeline Payne,185
Christin Powers,164
Wayne Pope Sr,152
Doug Jenkins,139
Stephen Lyons,125
Tony Jones,116
Walter Clapp,104
Hirsh Singh,86
Eric Boerner,76
Susan Resch,69
Susan Buchser-Lochocki,67
Michael Bickelmeyer,64
Jesus Torres,62
Suzzanna  Tanner,57
Corey Stapleton,55
Timothy Villari,54
Robby Wells,52
Charles Camilleri,50
Jim Norris,43
Alander  Pulliam,41
Rollan Roberts,39
Daniel Imperato,37
Andre  Nero,37
Anthony  Hudson,32
Ian Netupsky,32
Travis Lang,26
Steven Kross,23
Earl Jackson,21
