Name,Votes
Claudia De La Cruz,"96,314"
Cornel West,"23,353"
Jill Stein,"15,204"
Peter Sonski,"14,458"
Chase Oliver,"10,389"
Robert Kennedy Jr,"10,178"
Lars Mapstead,"9,098"
Josh Smith,"6,935"
Marianne Williamson,"6,575"
Michael Ter-Maat,"6,082"
Michael Rectenwald,"4,962"
Donald Trump,"4,679"
Cenk Uygur,"4,476"
Joseph Biden,"4,087"
Jacob Hornberger,"3,906"
Jasmine Sherman,"3,649"
Nikki Haley,"3,401"
Charles Ballay,"2,373"
Dean Phillips,"1,856"
Andy Williams,"1,802"
Terrisa Bukovinac,"1,668"
Joseph Foreman,"1,494"
Shiva Ayyadurai,"1,300"
Vermin  Supreme,"1,287"
Jorge Zavala,"1,253"
Tom Ross,"1,084"
Brittany  Jones,881
Emanuel Pastreich,759
Gabriel Cornejo,755
Frank Lozada,717
Sorinne Ardeleanu,641
Jason Palmer,451
Ryan Binkley,381
Joseph Maldonado,358
Michael Wood,356
Willie Carter,309
Robert  Cooke,300
Jimmy Cooper,272
Armando Perez-Serrato,243
Angeline Payne,173
Christin Powers,146
Wayne Pope Sr,144
Doug Jenkins,128
Stephen Lyons,125
Tony Jones,115
Walter Clapp,100
Hirsh Singh,84
Eric Boerner,74
Susan Resch,66
Michael Bickelmeyer,64
Susan Buchser-Lochocki,63
Jesus Torres,62
Corey Stapleton,55
Timothy Villari,53
Suzzanna  Tanner,51
Robby Wells,50
Charles Camilleri,46
Jim Norris,42
Alander  Pulliam,39
Andre  Nero,37
Rollan Roberts,35
Daniel Imperato,34
Ian Netupsky,30
Anthony  Hudson,26
Travis Lang,22
Earl Jackson,19
Steven Kross,18
