Name,Votes
Chase Oliver,"7,052"
Robert Kennedy Jr,"5,798"
Jill Stein,"5,669"
Lars Mapstead,"5,281"
Josh Smith,"4,160"
Cornel West,"3,690"
Michael Rectenwald,"3,078"
Michael Ter-Maat,"3,022"
Donald Trump,"2,624"
Jacob Hornberger,"2,494"
Marianne Williamson,"1,836"
Claudia De La Cruz,"1,810"
Joseph Biden,"1,384"
Ron Desantis,"1,162"
Andy Williams,"1,148"
Nikki Haley,"1,035"
Cenk Uygur,762
Tom Ross,699
Dean Phillips,698
Shiva Ayyadurai,605
Frank Lozada,513
Jorge Zavala,478
Emanuel Pastreich,350
Jason Palmer,248
Terrisa Bukovinac,180
Gabriel Cornejo,157
Ryan Binkley,149
Michael Wood,132
Joseph Maldonado,127
Stephen Lyons,108
Jimmy Cooper,98
Angeline Payne,70
Willie Carter,66
Wayne Pope Sr,58
Hirsh Singh,41
Michael Bickelmeyer,39
Walter Clapp,34
Eric Boerner,33
Susan Resch,31
Armando Perez-Serrato,21
Charles Camilleri,17
Jim Norris,17
Christin Powers,17
Corey Stapleton,15
Timothy Villari,15
Travis Lang,15
Rollan Roberts,14
Susan Buchser-Lochocki,14
Steven Kross,11
Jesus Torres,7
Daniel Imperato,6
Earl Jackson,0
