Name,Votes
Claudia De La Cruz,"96,857"
Cornel West,"23,690"
Jill Stein,"15,390"
Peter Sonski,"14,466"
Chase Oliver,"10,425"
Robert Kennedy Jr,"10,228"
Lars Mapstead,"9,112"
Josh Smith,"6,960"
Marianne Williamson,"6,630"
Michael Ter-Maat,"6,100"
Michael Rectenwald,"5,005"
Donald Trump,"4,709"
Cenk Uygur,"4,547"
Jasmine Sherman,"4,531"
Joseph Biden,"4,125"
Jacob Hornberger,"3,930"
Nikki Haley,"3,420"
Charles Ballay,"2,394"
Dean Phillips,"1,875"
Andy Williams,"1,822"
Terrisa Bukovinac,"1,680"
Joseph Foreman,"1,527"
Shiva Ayyadurai,"1,318"
Vermin  Supreme,"1,316"
Jorge Zavala,"1,283"
Tom Ross,"1,110"
Brittany  Jones,954
Emanuel Pastreich,771
Gabriel Cornejo,760
Frank Lozada,719
Sorinne Ardeleanu,670
Jason Palmer,454
Ryan Binkley,381
Joseph Maldonado,360
Michael Wood,357
Willie Carter,315
Robert  Cooke,305
Jimmy Cooper,282
Armando Perez-Serrato,243
Angeline Payne,183
Christin Powers,151
Wayne Pope Sr,144
Doug Jenkins,128
Stephen Lyons,125
Tony Jones,115
Walter Clapp,101
Hirsh Singh,86
Eric Boerner,74
Susan Buchser-Lochocki,67
Susan Resch,66
Michael Bickelmeyer,64
Jesus Torres,62
Corey Stapleton,55
Timothy Villari,53
Suzzanna  Tanner,51
Robby Wells,50
Charles Camilleri,46
Jim Norris,42
Alander  Pulliam,41
Andre  Nero,37
Rollan Roberts,35
Daniel Imperato,34
Ian Netupsky,30
Anthony  Hudson,26
Travis Lang,22
Earl Jackson,19
Steven Kross,18
