Name,Votes
Claudia De La Cruz,"95,462"
Cornel West,"22,981"
Jill Stein,"14,992"
Peter Sonski,"14,383"
Chase Oliver,"10,348"
Robert Kennedy Jr,"10,066"
Lars Mapstead,"9,068"
Josh Smith,"6,842"
Marianne Williamson,"6,464"
Michael Ter-Maat,"6,067"
Michael Rectenwald,"4,801"
Donald Trump,"4,594"
Cenk Uygur,"4,401"
Joseph Biden,"4,013"
Jacob Hornberger,"3,839"
Nikki Haley,"3,365"
Jasmine Sherman,"3,199"
Charles Ballay,"2,362"
Dean Phillips,"1,818"
Andy Williams,"1,732"
Terrisa Bukovinac,"1,646"
Joseph Foreman,"1,461"
Shiva Ayyadurai,"1,283"
Vermin  Supreme,"1,258"
Jorge Zavala,"1,226"
Tom Ross,"1,072"
Brittany  Jones,805
Emanuel Pastreich,752
Gabriel Cornejo,745
Frank Lozada,714
Sorinne Ardeleanu,625
Jason Palmer,435
Ryan Binkley,380
Michael Wood,356
Joseph Maldonado,353
Willie Carter,307
Robert  Cooke,298
Jimmy Cooper,266
Armando Perez-Serrato,240
Angeline Payne,172
Christin Powers,141
Wayne Pope Sr,140
Doug Jenkins,128
Stephen Lyons,125
Tony Jones,112
Walter Clapp,94
Hirsh Singh,84
Eric Boerner,74
Susan Resch,66
Michael Bickelmeyer,64
Susan Buchser-Lochocki,63
Jesus Torres,61
Corey Stapleton,55
Suzzanna  Tanner,51
Timothy Villari,51
Robby Wells,49
Charles Camilleri,46
Jim Norris,42
Alander  Pulliam,36
Rollan Roberts,35
Daniel Imperato,34
Ian Netupsky,30
Andre  Nero,27
Travis Lang,22
Anthony  Hudson,20
Earl Jackson,19
Steven Kross,18
