Name,Votes
Chase Oliver,"4,505"
Robert Kennedy Jr,"3,819"
Lars Mapstead,"3,485"
Josh Smith,"3,270"
Michael Rectenwald,"2,203"
Donald Trump,"1,854"
Michael Ter-Maat,"1,737"
Jacob Hornberger,"1,715"
Cornel West,"1,034"
Jill Stein,995
Ron Desantis,955
Andy Williams,852
Marianne Williamson,784
Joseph Biden,728
Nikki Haley,511
Claudia De La Cruz,504
Tom Ross,478
Frank Lozada,471
Dean Phillips,427
Shiva Ayyadurai,360
Cenk Uygur,248
Jason Palmer,178
Jorge Zavala,128
Gabriel Cornejo,122
Stephen Lyons,108
Ryan Binkley,88
Joseph Maldonado,87
Emanuel Pastreich,86
Terrisa Bukovinac,61
Michael Wood,49
Jimmy Cooper,43
Angeline Payne,39
Wayne Pope Sr,35
Willie Carter,32
Eric Boerner,26
Michael Bickelmeyer,26
Hirsh Singh,20
Susan Resch,19
Travis Lang,15
Walter Clapp,13
Charles Camilleri,12
Steven Kross,11
Armando Perez-Serrato,10
Corey Stapleton,9
Timothy Villari,7
Rollan Roberts,7
Christin Powers,7
Susan Buchser-Lochocki,6
Jim Norris,6
Jesus Torres,3
Daniel Imperato,1
Earl Jackson,0
