Name,Votes
Claudia De La Cruz,"100,113"
Cornel West,"25,508"
Jill Stein,"16,429"
Peter Sonski,"14,582"
Chase Oliver,"10,558"
Robert Kennedy Jr,"10,542"
Jasmine Sherman,"9,406"
Lars Mapstead,"9,208"
Marianne Williamson,"7,116"
Josh Smith,"7,007"
Michael Ter-Maat,"6,158"
Michael Rectenwald,"5,147"
Cenk Uygur,"4,998"
Donald Trump,"4,861"
Joseph Biden,"4,378"
Jacob Hornberger,"4,013"
Nikki Haley,"3,515"
Charles Ballay,"2,433"
Dean Phillips,"1,974"
Andy Williams,"1,935"
Joseph Afroman Foreman,"1,839"
Terrisa Bukovinac,"1,792"
Vermin  Supreme,"1,479"
Shiva Ayyadurai,"1,375"
Jorge Zavala,"1,360"
Brittany  Jones,"1,347"
Tom Ross,"1,147"
Gabriel Cornejo,873
Emanuel Pastreich,818
Frank Lozada,763
Sorinne Ardeleanu,757
Jason Palmer,488
Ryan Binkley,392
Joseph Maldonado,390
Michael Wood,371
Willie Carter,355
Robert  Cooke,334
Jimmy Cooper,307
Armando Perez-Serrato,264
Angeline Payne,198
Christin Powers,175
Wayne Pope Sr,169
Doug Jenkins,140
Stephen Lyons,125
Tony Jones,116
Walter Clapp,104
Hirsh Singh,86
Suzzanna  Tanner,79
Eric Boerner,78
Susan Resch,71
Susan Buchser-Lochocki,69
Jesus Torres,65
Michael Bickelmeyer,64
Robby Wells,62
Corey Stapleton,55
Timothy Villari,54
Charles Camilleri,53
Alander  Pulliam,52
Andre  Nero,49
Jim Norris,43
Rollan Roberts,39
Daniel Imperato,37
Anthony  Hudson,32
Ian Netupsky,32
Travis Lang,26
Steven Kross,23
Earl Jackson,21
Adam Nicholas Paul,2
