Name,Votes
Robert Kennedy Jr,2206
Chase Oliver,2157
Josh Smith,2059
Lars Mapstead,1779
Michael Rectenwald,1355
Michael Ter-Maat,1081
Donald Trump,1043
Jacob Hornberger,892
Cornel West,584
Ron Desantis,563
Jill Stein,556
Marianne Williamson,495
Joseph Biden,426
Tom Ross,307
Nikki Haley,305
Dean Phillips,258
Claudia De La Cruz,225
Shiva Ayyadurai,211
Andy Williams,199
Cenk Uygur,155
Frank Lozada,99
Stephen Lyons,92
Jason Palmer,91
Gabriel Cornejo,77
Jorge Zavala,68
Emanuel Pastreich,46
Ryan Binkley,41
Joseph Maldonado,39
Michael Wood,29
Willie Carter,21
Michael Bickelmeyer,20
Jimmy Cooper,16
Susan Resch,15
Eric Boerner,15
Angeline Payne,14
Walter Clapp,12
Hirsh Singh,11
Travis Lang,10
Terrisa Bukovinac,9
Wayne Pope Sr,8
Charles Camilleri,7
Corey Stapleton,5
Susan Buchser-Lochocki,4
Timothy Villari,3
Rollan Roberts,3
Armando Perez-Serrato,1
Daniel Imperato,1
Steven Kross,1
Jim Norris,1
Jesus Torres,0
Christin Powers,0
Earl Jackson,0
