Name,Votes
Chase Oliver,"6,631"
Robert Kennedy Jr,"5,585"
Jill Stein,"5,283"
Lars Mapstead,"4,774"
Josh Smith,"4,011"
Cornel West,"3,451"
Michael Rectenwald,"2,919"
Donald Trump,"2,533"
Jacob Hornberger,"2,325"
Michael Ter-Maat,"2,252"
Marianne Williamson,"1,726"
Claudia De La Cruz,"1,686"
Joseph Biden,"1,303"
Ron Desantis,"1,144"
Andy Williams,"1,123"
Nikki Haley,949
Cenk Uygur,697
Tom Ross,694
Dean Phillips,666
Shiva Ayyadurai,590
Frank Lozada,513
Jorge Zavala,461
Emanuel Pastreich,337
Jason Palmer,236
Terrisa Bukovinac,171
Gabriel Cornejo,152
Ryan Binkley,138
Joseph Maldonado,123
Michael Wood,116
Stephen Lyons,108
Jimmy Cooper,87
Willie Carter,66
Angeline Payne,66
Wayne Pope Sr,53
Michael Bickelmeyer,39
Hirsh Singh,38
Walter Clapp,33
Eric Boerner,33
Susan Resch,31
Armando Perez-Serrato,21
Jim Norris,17
Christin Powers,17
Charles Camilleri,16
Corey Stapleton,15
Timothy Villari,15
Travis Lang,15
Rollan Roberts,14
Susan Buchser-Lochocki,14
Steven Kross,11
Jesus Torres,5
Daniel Imperato,2
Earl Jackson,0
