Name,Votes
Chase Oliver,"9,235"
Robert Kennedy Jr,"7,662"
Lars Mapstead,"7,275"
Jill Stein,"7,004"
Peter Sonski,"6,672"
Josh Smith,"5,392"
Cornel West,"5,266"
Michael Ter-Maat,"5,236"
Michael Rectenwald,"4,063"
Donald Trump,"3,725"
Jacob Hornberger,"3,356"
Nikki Haley,"2,628"
Marianne Williamson,"2,356"
Claudia De La Cruz,"2,232"
Joseph Biden,"2,180"
Charles Ballay,"1,686"
Andy Williams,"1,274"
Dean Phillips,"1,209"
Cenk Uygur,995
Terrisa Bukovinac,893
Tom Ross,820
Shiva Ayyadurai,728
Jorge Zavala,563
Frank Lozada,562
Emanuel Pastreich,404
Ryan Binkley,327
Vermin  Supreme,312
Michael Wood,312
Jason Palmer,277
Joseph Maldonado,172
Gabriel Cornejo,168
Sorinne Ardeleanu,135
Jimmy Cooper,123
Stephen Lyons,111
Angeline Payne,107
Willie Carter,99
Walter Clapp,83
Hirsh Singh,75
Wayne Pope Sr,67
Eric Boerner,65
Michael Bickelmeyer,64
Tony Jones,57
Susan Resch,55
Corey Stapleton,52
Doug Jenkins,43
Jasmine Sherman,40
Susan Buchser-Lochocki,39
Joseph Foreman,38
Robby Wells,38
Timothy Villari,38
Christin Powers,36
Jesus Torres,33
Jim Norris,33
Rollan Roberts,32
Daniel Imperato,27
Robert  Cooke,25
Armando Perez-Serrato,22
Travis Lang,19
Alander  Pulliam,18
Brittany  Jones,18
Charles Camilleri,17
Steven Kross,16
Ian Netupsky,15
Suzzanna  Tanner,11
Anthony  Hudson,9
Earl Jackson,7
Andre  Nero,1
