Name,Votes
Chase Oliver,"6,240"
Robert Kennedy Jr,"5,139"
Jill Stein,"4,716"
Lars Mapstead,"4,450"
Josh Smith,"3,614"
Cornel West,"3,138"
Michael Rectenwald,"2,650"
Donald Trump,"2,330"
Jacob Hornberger,"2,186"
Michael Ter-Maat,"2,156"
Marianne Williamson,"1,607"
Claudia De La Cruz,"1,544"
Joseph Biden,"1,221"
Ron Desantis,"1,089"
Andy Williams,"1,086"
Nikki Haley,866
Tom Ross,653
Cenk Uygur,623
Dean Phillips,604
Shiva Ayyadurai,519
Frank Lozada,481
Jorge Zavala,424
Emanuel Pastreich,305
Jason Palmer,230
Terrisa Bukovinac,160
Gabriel Cornejo,146
Ryan Binkley,116
Joseph Maldonado,110
Stephen Lyons,108
Michael Wood,102
Jimmy Cooper,72
Willie Carter,58
Angeline Payne,58
Wayne Pope Sr,48
Michael Bickelmeyer,32
Susan Resch,31
Hirsh Singh,28
Eric Boerner,26
Walter Clapp,24
Armando Perez-Serrato,19
Charles Camilleri,16
Timothy Villari,15
Christin Powers,15
Travis Lang,15
Jim Norris,14
Corey Stapleton,11
Steven Kross,11
Susan Buchser-Lochocki,10
Rollan Roberts,7
Jesus Torres,3
Daniel Imperato,2
Earl Jackson,0
