Name,Votes
Claudia De La Cruz,"96,735"
Cornel West,"23,625"
Jill Stein,"15,344"
Peter Sonski,"14,466"
Chase Oliver,"10,419"
Robert Kennedy Jr,"10,216"
Lars Mapstead,"9,108"
Josh Smith,"6,955"
Marianne Williamson,"6,627"
Michael Ter-Maat,"6,095"
Michael Rectenwald,"4,987"
Donald Trump,"4,699"
Cenk Uygur,"4,532"
Jasmine Sherman,"4,282"
Joseph Biden,"4,115"
Jacob Hornberger,"3,924"
Nikki Haley,"3,414"
Charles Ballay,"2,384"
Dean Phillips,"1,870"
Andy Williams,"1,810"
Terrisa Bukovinac,"1,677"
Joseph Foreman,"1,527"
Shiva Ayyadurai,"1,310"
Vermin  Supreme,"1,301"
Jorge Zavala,"1,278"
Tom Ross,"1,107"
Brittany  Jones,945
Emanuel Pastreich,768
Gabriel Cornejo,758
Frank Lozada,719
Sorinne Ardeleanu,658
Jason Palmer,454
Ryan Binkley,381
Joseph Maldonado,360
Michael Wood,357
Willie Carter,313
Robert  Cooke,305
Jimmy Cooper,276
Armando Perez-Serrato,243
Angeline Payne,173
Christin Powers,151
Wayne Pope Sr,144
Doug Jenkins,128
Stephen Lyons,125
Tony Jones,115
Walter Clapp,101
Hirsh Singh,86
Eric Boerner,74
Susan Resch,66
Michael Bickelmeyer,64
Susan Buchser-Lochocki,63
Jesus Torres,62
Corey Stapleton,55
Timothy Villari,53
Suzzanna  Tanner,51
Robby Wells,50
Charles Camilleri,46
Jim Norris,42
Alander  Pulliam,39
Andre  Nero,37
Rollan Roberts,35
Daniel Imperato,34
Ian Netupsky,30
Anthony  Hudson,26
Travis Lang,22
Earl Jackson,19
Steven Kross,18
