Name,Votes
Chase Oliver,"4,492"
Robert Kennedy Jr,"3,799"
Lars Mapstead,"3,472"
Josh Smith,"3,270"
Michael Rectenwald,"2,203"
Donald Trump,"1,843"
Michael Ter-Maat,"1,729"
Jacob Hornberger,"1,704"
Cornel West,"1,025"
Jill Stein,980
Ron Desantis,955
Andy Williams,840
Marianne Williamson,778
Joseph Biden,728
Nikki Haley,511
Claudia De La Cruz,497
Tom Ross,472
Frank Lozada,471
Dean Phillips,427
Shiva Ayyadurai,360
Cenk Uygur,245
Jason Palmer,178
Jorge Zavala,126
Gabriel Cornejo,122
Stephen Lyons,108
Ryan Binkley,88
Joseph Maldonado,87
Emanuel Pastreich,81
Terrisa Bukovinac,60
Michael Wood,49
Jimmy Cooper,43
Angeline Payne,39
Willie Carter,32
Wayne Pope Sr,31
Eric Boerner,26
Michael Bickelmeyer,26
Hirsh Singh,20
Susan Resch,19
Travis Lang,15
Walter Clapp,13
Charles Camilleri,12
Steven Kross,11
Armando Perez-Serrato,10
Corey Stapleton,9
Timothy Villari,7
Rollan Roberts,7
Christin Powers,7
Susan Buchser-Lochocki,6
Jim Norris,6
Jesus Torres,3
Daniel Imperato,1
Earl Jackson,0
