Name,Votes
Chase Oliver,"3,276"
Robert Kennedy Jr,"3,115"
Josh Smith,"2,930"
Lars Mapstead,"2,480"
Michael Rectenwald,"1,939"
Donald Trump,"1,507"
Michael Ter-Maat,"1,455"
Jacob Hornberger,"1,396"
Cornel West,828
Ron Desantis,801
Jill Stein,696
Marianne Williamson,643
Andy Williams,639
Joseph Biden,613
Tom Ross,401
Frank Lozada,383
Nikki Haley,381
Dean Phillips,359
Claudia De La Cruz,357
Shiva Ayyadurai,291
Cenk Uygur,202
Jason Palmer,141
Gabriel Cornejo,113
Stephen Lyons,104
Jorge Zavala,83
Ryan Binkley,76
Joseph Maldonado,64
Emanuel Pastreich,61
Michael Wood,38
Jimmy Cooper,35
Terrisa Bukovinac,32
Willie Carter,31
Angeline Payne,29
Wayne Pope Sr,23
Michael Bickelmeyer,20
Susan Resch,18
Eric Boerner,15
Hirsh Singh,14
Walter Clapp,13
Steven Kross,11
Travis Lang,11
Charles Camilleri,10
Corey Stapleton,9
Christin Powers,7
Armando Perez-Serrato,5
Susan Buchser-Lochocki,4
Timothy Villari,3
Rollan Roberts,3
Jim Norris,2
Daniel Imperato,1
Jesus Torres,0
Earl Jackson,0
