Name,Votes
Claudia De La Cruz,"103,712"
Cornel West,"28,184"
Jill Stein,"19,368"
Peter Sonski,"14,656"
Jasmine Sherman,"12,317"
Robert Kennedy Jr,"11,298"
Chase Oliver,"11,134"
Lars Mapstead,"10,245"
Marianne Williamson,"8,061"
Josh Smith,"7,295"
Michael Ter-Maat,"6,277"
Cenk Uygur,"5,681"
Michael Rectenwald,"5,321"
Donald Trump,"5,211"
Joseph Biden,"5,025"
Jacob Hornberger,"4,167"
Nikki Haley,"3,778"
Charles Ballay,"2,576"
Dean Phillips,"2,193"
Joseph Afroman Foreman,"2,165"
Andy Williams,"2,041"
Terrisa Bukovinac,"1,906"
Vermin  Supreme,"1,686"
Brittany  Jones,"1,631"
Shiva Ayyadurai,"1,551"
Jorge Zavala,"1,545"
Alan Collinge,"1,256"
Tom Ross,"1,193"
Gabriel Cornejo,995
Emanuel Pastreich,905
Sorinne Ardeleanu,883
Frank Lozada,862
Jason Palmer,521
Ryan Binkley,435
Willie Carter,424
Joseph Maldonado,418
Robert  Cooke,390
Michael Wood,377
Jimmy Cooper,357
Armando Perez-Serrato,289
Angeline Payne,237
Wayne Pope Sr,220
Christin Powers,194
Doug Jenkins,155
Stephen Lyons,129
Tony Jones,123
Walter Clapp,107
Hirsh Singh,96
Eric Boerner,95
Suzzanna  Tanner,91
Michael Bickelmeyer,81
Charles Camilleri,80
Jesus Torres,80
Susan Resch,77
Susan Buchser-Lochocki,76
Robby Wells,75
Alander  Pulliam,67
Andre  Nero,65
Corey Stapleton,63
Timothy Villari,58
Jim Norris,48
Ian Netupsky,42
Daniel Imperato,41
Rollan Roberts,41
Anthony  Hudson,40
Earl Jackson,27
Travis Lang,27
Steven Kross,25
Adam Nicholas Paul,13
