Name,Votes
Claudia De La Cruz,"97,677"
Cornel West,"24,028"
Jill Stein,"15,618"
Peter Sonski,"14,484"
Chase Oliver,"10,454"
Robert Kennedy Jr,"10,303"
Lars Mapstead,"9,130"
Josh Smith,"6,976"
Marianne Williamson,"6,716"
Michael Ter-Maat,"6,134"
Jasmine Sherman,"5,598"
Michael Rectenwald,"5,073"
Donald Trump,"4,767"
Cenk Uygur,"4,616"
Joseph Biden,"4,197"
Jacob Hornberger,"3,960"
Nikki Haley,"3,440"
Charles Ballay,"2,406"
Dean Phillips,"1,896"
Andy Williams,"1,850"
Terrisa Bukovinac,"1,708"
Joseph Foreman,"1,569"
Vermin  Supreme,"1,358"
Shiva Ayyadurai,"1,345"
Jorge Zavala,"1,297"
Tom Ross,"1,124"
Brittany  Jones,"1,009"
Gabriel Cornejo,786
Emanuel Pastreich,785
Frank Lozada,741
Sorinne Ardeleanu,696
Jason Palmer,454
Ryan Binkley,383
Joseph Maldonado,364
Michael Wood,361
Willie Carter,325
Robert  Cooke,309
Jimmy Cooper,282
Armando Perez-Serrato,246
Angeline Payne,185
Christin Powers,164
Wayne Pope Sr,151
Doug Jenkins,137
Stephen Lyons,125
Tony Jones,116
Walter Clapp,101
Hirsh Singh,86
Eric Boerner,76
Susan Resch,69
Susan Buchser-Lochocki,67
Michael Bickelmeyer,64
Jesus Torres,62
Suzzanna  Tanner,57
Corey Stapleton,55
Timothy Villari,54
Robby Wells,52
Charles Camilleri,50
Jim Norris,43
Alander  Pulliam,41
Rollan Roberts,39
Daniel Imperato,37
Andre  Nero,37
Anthony  Hudson,32
Ian Netupsky,32
Travis Lang,26
Steven Kross,23
Earl Jackson,21
