Name,Votes
Chase Oliver,"6,866"
Robert Kennedy Jr,"5,712"
Jill Stein,"5,504"
Lars Mapstead,"5,201"
Josh Smith,"4,104"
Cornel West,"3,608"
Michael Rectenwald,"2,985"
Michael Ter-Maat,"2,969"
Donald Trump,"2,585"
Jacob Hornberger,"2,441"
Marianne Williamson,"1,793"
Claudia De La Cruz,"1,767"
Joseph Biden,"1,347"
Ron Desantis,"1,158"
Andy Williams,"1,136"
Nikki Haley,"1,003"
Cenk Uygur,738
Tom Ross,698
Dean Phillips,688
Shiva Ayyadurai,603
Frank Lozada,513
Jorge Zavala,468
Emanuel Pastreich,344
Jason Palmer,248
Terrisa Bukovinac,171
Gabriel Cornejo,157
Ryan Binkley,149
Michael Wood,128
Joseph Maldonado,127
Stephen Lyons,108
Jimmy Cooper,98
Angeline Payne,70
Willie Carter,66
Wayne Pope Sr,56
Hirsh Singh,41
Michael Bickelmeyer,39
Walter Clapp,33
Eric Boerner,33
Susan Resch,31
Armando Perez-Serrato,21
Jim Norris,17
Christin Powers,17
Charles Camilleri,16
Corey Stapleton,15
Timothy Villari,15
Travis Lang,15
Rollan Roberts,14
Susan Buchser-Lochocki,14
Steven Kross,11
Jesus Torres,7
Daniel Imperato,2
Earl Jackson,0
