Name,Votes
Claudia De La Cruz,"97,282"
Cornel West,"23,861"
Jill Stein,"15,471"
Peter Sonski,"14,472"
Chase Oliver,"10,438"
Robert Kennedy Jr,"10,261"
Lars Mapstead,"9,120"
Josh Smith,"6,965"
Marianne Williamson,"6,681"
Michael Ter-Maat,"6,117"
Jasmine Sherman,"5,098"
Michael Rectenwald,"5,027"
Donald Trump,"4,722"
Cenk Uygur,"4,576"
Joseph Biden,"4,149"
Jacob Hornberger,"3,948"
Nikki Haley,"3,425"
Charles Ballay,"2,394"
Dean Phillips,"1,884"
Andy Williams,"1,831"
Terrisa Bukovinac,"1,689"
Joseph Foreman,"1,551"
Vermin  Supreme,"1,332"
Shiva Ayyadurai,"1,325"
Jorge Zavala,"1,289"
Tom Ross,"1,114"
Brittany  Jones,973
Gabriel Cornejo,781
Emanuel Pastreich,774
Frank Lozada,726
Sorinne Ardeleanu,670
Jason Palmer,454
Ryan Binkley,381
Michael Wood,361
Joseph Maldonado,360
Willie Carter,323
Robert  Cooke,305
Jimmy Cooper,282
Armando Perez-Serrato,243
Angeline Payne,183
Christin Powers,160
Wayne Pope Sr,147
Doug Jenkins,132
Stephen Lyons,125
Tony Jones,115
Walter Clapp,101
Hirsh Singh,86
Eric Boerner,74
Susan Buchser-Lochocki,67
Susan Resch,66
Michael Bickelmeyer,64
Jesus Torres,62
Suzzanna  Tanner,57
Corey Stapleton,55
Timothy Villari,53
Robby Wells,52
Charles Camilleri,50
Jim Norris,42
Alander  Pulliam,41
Andre  Nero,37
Rollan Roberts,35
Daniel Imperato,34
Ian Netupsky,32
Anthony  Hudson,26
Travis Lang,22
Earl Jackson,19
Steven Kross,18
