Name,Votes
Claudia De La Cruz,"104,237"
Cornel West,"28,536"
Jill Stein,"19,807"
Peter Sonski,"14,706"
Jasmine Sherman,"12,750"
Robert Kennedy Jr,"11,773"
Chase Oliver,"11,661"
Lars Mapstead,"10,513"
Marianne Williamson,"8,216"
Josh Smith,"7,376"
Michael Ter-Maat,"6,364"
Cenk Uygur,"5,762"
Michael Rectenwald,"5,423"
Donald Trump,"5,395"
Joseph Biden,"5,219"
Jacob Hornberger,"4,321"
Nikki Haley,"3,905"
Charles Ballay,"2,656"
Dean Phillips,"2,277"
Joseph Afroman Foreman,"2,270"
Andy Williams,"2,065"
Terrisa Bukovinac,"1,924"
Brittany  Jones,"1,877"
Vermin  Supreme,"1,799"
Shiva Ayyadurai,"1,585"
Jorge Zavala,"1,572"
Alan Collinge,"1,505"
Tom Ross,"1,211"
Gabriel Cornejo,"1,024"
Emanuel Pastreich,924
Sorinne Ardeleanu,911
Frank Lozada,884
Jason Palmer,524
Ryan Binkley,445
Joseph Maldonado,441
Willie Carter,438
Robert  Cooke,390
Michael Wood,377
Jimmy Cooper,366
Armando Perez-Serrato,290
Angeline Payne,245
Wayne Pope Sr,225
Christin Powers,194
Doug Jenkins,165
Stephen Lyons,129
Tony Jones,126
Hirsh Singh,108
Walter Clapp,107
Suzzanna  Tanner,99
Eric Boerner,96
Jesus Torres,91
Michael Bickelmeyer,81
Charles Camilleri,80
Susan Resch,79
Alander  Pulliam,77
Susan Buchser-Lochocki,76
Robby Wells,75
Andre  Nero,66
Corey Stapleton,65
Timothy Villari,61
Jim Norris,54
Daniel Imperato,46
Rollan Roberts,46
Ian Netupsky,44
Anthony  Hudson,40
Earl Jackson,34
Travis Lang,27
Steven Kross,25
Adam Nicholas Paul,20
