Name,Votes
Claudia De La Cruz,"83,356"
Cornel West,"20,510"
Peter Sonski,"14,038"
Jill Stein,"13,893"
Chase Oliver,"10,247"
Robert Kennedy Jr,"9,685"
Lars Mapstead,"9,025"
Josh Smith,"6,791"
Michael Ter-Maat,"6,039"
Marianne Williamson,"5,887"
Michael Rectenwald,"4,722"
Donald Trump,"4,482"
Cenk Uygur,"3,979"
Jacob Hornberger,"3,804"
Joseph Biden,"3,721"
Nikki Haley,"3,231"
Jasmine Sherman,"2,593"
Charles Ballay,"2,208"
Dean Phillips,"1,735"
Andy Williams,"1,673"
Terrisa Bukovinac,"1,539"
Joseph Foreman,"1,316"
Shiva Ayyadurai,"1,192"
Vermin  Supreme,"1,147"
Jorge Zavala,"1,142"
Tom Ross,"1,029"
Emanuel Pastreich,707
Frank Lozada,679
Gabriel Cornejo,666
Sorinne Ardeleanu,548
Brittany  Jones,500
Ryan Binkley,372
Jason Palmer,370
Michael Wood,354
Joseph Maldonado,333
Willie Carter,287
Robert  Cooke,258
Jimmy Cooper,247
Armando Perez-Serrato,201
Angeline Payne,165
Wayne Pope Sr,132
Christin Powers,131
Stephen Lyons,119
Doug Jenkins,113
Tony Jones,107
Walter Clapp,94
Hirsh Singh,84
Eric Boerner,71
Susan Resch,64
Michael Bickelmeyer,64
Jesus Torres,59
Corey Stapleton,55
Susan Buchser-Lochocki,54
Robby Wells,49
Timothy Villari,44
Charles Camilleri,41
Suzzanna  Tanner,38
Alander  Pulliam,35
Rollan Roberts,35
Jim Norris,35
Daniel Imperato,34
Ian Netupsky,26
Andre  Nero,25
Travis Lang,22
Earl Jackson,19
Steven Kross,18
Anthony  Hudson,16
