Name,Votes
Chase Oliver,1329
Josh Smith,1176
Lars Mapstead,986
Robert Kennedy Jr,876
Michael Rectenwald,703
Michael Ter-Maat,679
Jacob Hornberger,547
Donald Trump,477
Ron Desantis,249
Marianne Williamson,236
Cornel West,195
Jill Stein,160
Joseph Biden,155
Nikki Haley,150
Dean Phillips,116
Shiva Ayyadurai,99
Stephen Lyons,77
Tom Ross,73
Cenk Uygur,69
Claudia De La Cruz,38
Jason Palmer,35
Frank Lozada,32
Gabriel Cornejo,30
Ryan Binkley,24
Joseph Maldonado,21
Jorge Zavala,17
Michael Bickelmeyer,11
Travis Lang,10
Eric Boerner,8
Andy Williams,7
Walter Clapp,7
Terrisa Bukovinac,7
Michael Wood,7
Emanuel Pastreich,7
Corey Stapleton,5
Hirsh Singh,5
Susan Resch,5
Angeline Payne,4
Charles Camilleri,3
Rollan Roberts,3
Susan Buchser-Lochocki,2
Wayne Pope Sr,2
Timothy Villari,2
Steven Kross,1
Jim Norris,1
Jimmy Cooper,0
Jesus Torres,0
Daniel Imperato,0
Willie Carter,0
Christin Powers,0
Earl Jackson,0
Armando Perez-Serrato,0
