Name,Votes
Claudia De La Cruz,"108,598"
Cornel West,"31,382"
Jill Stein,"21,938"
Chase Oliver,"20,321"
Jasmine Sherman,"18,496"
Lars Mapstead,"17,980"
Peter Sonski,"17,602"
Robert Kennedy Jr,"15,567"
Marianne Williamson,"9,969"
Josh Smith,"9,167"
Michael Ter-Maat,"8,058"
Jacob Hornberger,"7,538"
Michael Rectenwald,"7,510"
Joseph Biden,"7,134"
Donald Trump,"7,030"
Cenk Uygur,"6,441"
Nikki Haley,"5,373"
Charles Ballay,"5,173"
Joseph Afroman Foreman,"3,671"
Brittany  Jones,"3,388"
Alan Collinge,"3,105"
Vermin  Supreme,"3,062"
Dean Phillips,"3,004"
Frank Lozada,"2,342"
Terrisa Bukovinac,"2,314"
Andy Williams,"2,266"
Shiva Ayyadurai,"1,928"
Jorge Zavala,"1,787"
Sorinne Ardeleanu,"1,531"
Tom Ross,"1,344"
Gabriel Cornejo,"1,281"
Emanuel Pastreich,"1,060"
Willie Carter,718
Ryan Binkley,699
Joseph Maldonado,668
Jason Palmer,603
Jimmy Cooper,519
Robert  Cooke,462
Michael Wood,410
Armando Perez-Serrato,374
Angeline Payne,373
Wayne Pope Sr,360
Doug Jenkins,304
Stephen Lyons,267
Christin Powers,266
Susan Buchser-Lochocki,251
Eric Boerner,218
Earl Jackson,210
Daniel Imperato,201
Charles Camilleri,194
Suzzanna  Tanner,177
Walter Clapp,173
Tony Jones,168
Michael Bickelmeyer,164
Steven Kross,160
Travis Lang,156
Hirsh Singh,149
Susan Resch,136
Jesus Torres,131
Alander  Pulliam,131
Adam Nicholas Paul,114
Rollan Roberts,114
Robby Wells,112
Andre  Nero,103
Corey Stapleton,98
Jim Norris,95
Anthony  Hudson,86
Timothy Villari,82
Ian Netupsky,78
