Name,Votes
Claudia De La Cruz,"57,596"
Cornel West,"16,506"
Peter Sonski,"13,921"
Jill Stein,"12,231"
Chase Oliver,"10,108"
Robert Kennedy Jr,"9,280"
Lars Mapstead,"8,940"
Josh Smith,"6,747"
Michael Ter-Maat,"6,008"
Marianne Williamson,"4,960"
Michael Rectenwald,"4,661"
Donald Trump,"4,424"
Jacob Hornberger,"3,731"
Joseph Biden,"3,229"
Nikki Haley,"3,116"
Cenk Uygur,"3,110"
Charles Ballay,"2,113"
Jasmine Sherman,"1,890"
Dean Phillips,"1,635"
Andy Williams,"1,569"
Terrisa Bukovinac,"1,337"
Shiva Ayyadurai,"1,073"
Vermin  Supreme,"1,015"
Tom Ross,"1,011"
Jorge Zavala,995
Joseph Foreman,935
Frank Lozada,638
Emanuel Pastreich,599
Gabriel Cornejo,529
Sorinne Ardeleanu,430
Jason Palmer,370
Brittany  Jones,360
Ryan Binkley,359
Michael Wood,348
Joseph Maldonado,294
Willie Carter,225
Jimmy Cooper,222
Robert  Cooke,174
Armando Perez-Serrato,146
Angeline Payne,146
Stephen Lyons,119
Wayne Pope Sr,111
Christin Powers,108
Tony Jones,97
Doug Jenkins,91
Walter Clapp,90
Hirsh Singh,84
Eric Boerner,70
Michael Bickelmeyer,64
Susan Resch,59
Jesus Torres,57
Corey Stapleton,52
Susan Buchser-Lochocki,51
Robby Wells,48
Timothy Villari,44
Charles Camilleri,36
Rollan Roberts,35
Jim Norris,35
Daniel Imperato,34
Alander  Pulliam,29
Suzzanna  Tanner,29
Ian Netupsky,26
Travis Lang,22
Andre  Nero,20
Earl Jackson,19
Steven Kross,17
Anthony  Hudson,16
