Name,Votes
Claudia De La Cruz,"107,093"
Cornel West,"30,330"
Jill Stein,"21,273"
Peter Sonski,"16,850"
Lars Mapstead,"15,981"
Chase Oliver,"15,669"
Jasmine Sherman,"15,095"
Robert Kennedy Jr,"13,838"
Marianne Williamson,"9,443"
Josh Smith,"8,206"
Michael Ter-Maat,"7,282"
Joseph Biden,"6,598"
Michael Rectenwald,"6,453"
Donald Trump,"6,253"
Cenk Uygur,"6,171"
Jacob Hornberger,"5,998"
Nikki Haley,"4,764"
Charles Ballay,"4,078"
Joseph Afroman Foreman,"3,283"
Alan Collinge,"2,882"
Dean Phillips,"2,799"
Vermin  Supreme,"2,454"
Frank Lozada,"2,318"
Brittany  Jones,"2,284"
Terrisa Bukovinac,"2,168"
Andy Williams,"2,145"
Shiva Ayyadurai,"1,720"
Jorge Zavala,"1,711"
Tom Ross,"1,279"
Sorinne Ardeleanu,"1,227"
Gabriel Cornejo,"1,205"
Emanuel Pastreich,"1,021"
Willie Carter,656
Ryan Binkley,643
Jason Palmer,586
Joseph Maldonado,580
Jimmy Cooper,467
Robert  Cooke,432
Michael Wood,396
Armando Perez-Serrato,351
Wayne Pope Sr,324
Angeline Payne,320
Doug Jenkins,286
Stephen Lyons,255
Christin Powers,243
Susan Buchser-Lochocki,224
Earl Jackson,199
Eric Boerner,198
Daniel Imperato,181
Charles Camilleri,179
Walter Clapp,162
Michael Bickelmeyer,155
Travis Lang,146
Steven Kross,143
Tony Jones,142
Susan Resch,135
Hirsh Singh,135
Jesus Torres,122
Suzzanna  Tanner,120
Alander  Pulliam,103
Robby Wells,101
Rollan Roberts,96
Corey Stapleton,94
Jim Norris,87
Adam Nicholas Paul,79
Andre  Nero,78
Timothy Villari,77
Anthony  Hudson,64
Ian Netupsky,59
