Name,Votes
Robert Kennedy Jr,2565
Chase Oliver,2410
Josh Smith,2261
Lars Mapstead,2079
Michael Rectenwald,1525
Michael Ter-Maat,1215
Donald Trump,1178
Jacob Hornberger,1047
Cornel West,658
Ron Desantis,637
Jill Stein,602
Marianne Williamson,547
Joseph Biden,503
Tom Ross,368
Nikki Haley,333
Andy Williams,318
Dean Phillips,289
Claudia De La Cruz,285
Frank Lozada,235
Shiva Ayyadurai,232
Cenk Uygur,171
Stephen Lyons,104
Jason Palmer,102
Gabriel Cornejo,95
Jorge Zavala,70
Emanuel Pastreich,50
Ryan Binkley,49
Joseph Maldonado,42
Michael Wood,31
Jimmy Cooper,26
Willie Carter,21
Michael Bickelmeyer,20
Susan Resch,15
Eric Boerner,15
Angeline Payne,14
Walter Clapp,12
Wayne Pope Sr,11
Terrisa Bukovinac,11
Hirsh Singh,11
Travis Lang,10
Charles Camilleri,7
Steven Kross,6
Corey Stapleton,5
Susan Buchser-Lochocki,4
Christin Powers,3
Timothy Villari,3
Rollan Roberts,3
Armando Perez-Serrato,1
Daniel Imperato,1
Jim Norris,1
Jesus Torres,0
Earl Jackson,0
