Name,Votes
Chase Oliver,"7,780"
Robert Kennedy Jr,"6,109"
Lars Mapstead,"5,968"
Jill Stein,"5,954"
Josh Smith,"4,551"
Cornel West,"3,874"
Michael Rectenwald,"3,358"
Michael Ter-Maat,"3,231"
Donald Trump,"2,776"
Jacob Hornberger,"2,747"
Marianne Williamson,"1,922"
Claudia De La Cruz,"1,901"
Joseph Biden,"1,463"
Andy Williams,"1,181"
Nikki Haley,"1,151"
Cenk Uygur,829
Dean Phillips,748
Tom Ross,721
Shiva Ayyadurai,646
Frank Lozada,536
Jorge Zavala,499
Emanuel Pastreich,357
Jason Palmer,259
Terrisa Bukovinac,188
Ryan Binkley,164
Gabriel Cornejo,158
Michael Wood,141
Joseph Maldonado,129
Stephen Lyons,108
Jimmy Cooper,107
Angeline Payne,70
Willie Carter,66
Wayne Pope Sr,61
Hirsh Singh,52
Michael Bickelmeyer,42
Walter Clapp,37
Susan Resch,35
Eric Boerner,33
Corey Stapleton,24
Armando Perez-Serrato,21
Jim Norris,18
Susan Buchser-Lochocki,17
Charles Camilleri,17
Christin Powers,17
Timothy Villari,15
Travis Lang,15
Rollan Roberts,14
Steven Kross,11
Daniel Imperato,8
Jesus Torres,7
Earl Jackson,0
