Name,Votes
Claudia De La Cruz,"102,770"
Cornel West,"27,670"
Jill Stein,"18,803"
Peter Sonski,"14,637"
Jasmine Sherman,"11,612"
Robert Kennedy Jr,"11,016"
Chase Oliver,"10,792"
Lars Mapstead,"10,039"
Marianne Williamson,"7,820"
Josh Smith,"7,181"
Michael Ter-Maat,"6,236"
Cenk Uygur,"5,579"
Michael Rectenwald,"5,257"
Donald Trump,"5,071"
Joseph Biden,"4,824"
Jacob Hornberger,"4,080"
Nikki Haley,"3,639"
Charles Ballay,"2,501"
Dean Phillips,"2,126"
Joseph Afroman Foreman,"2,087"
Andy Williams,"2,025"
Terrisa Bukovinac,"1,887"
Vermin  Supreme,"1,635"
Brittany  Jones,"1,543"
Shiva Ayyadurai,"1,505"
Jorge Zavala,"1,490"
Tom Ross,"1,181"
Gabriel Cornejo,961
Emanuel Pastreich,863
Sorinne Ardeleanu,838
Frank Lozada,790
Alan Collinge,744
Jason Palmer,510
Ryan Binkley,420
Joseph Maldonado,404
Willie Carter,396
Robert  Cooke,375
Michael Wood,375
Jimmy Cooper,347
Armando Perez-Serrato,283
Angeline Payne,224
Wayne Pope Sr,206
Christin Powers,194
Doug Jenkins,155
Stephen Lyons,127
Tony Jones,123
Walter Clapp,106
Hirsh Singh,96
Eric Boerner,92
Suzzanna  Tanner,86
Jesus Torres,78
Susan Resch,77
Michael Bickelmeyer,75
Robby Wells,75
Susan Buchser-Lochocki,73
Charles Camilleri,72
Alander  Pulliam,67
Corey Stapleton,61
Andre  Nero,60
Timothy Villari,57
Jim Norris,48
Daniel Imperato,41
Rollan Roberts,41
Anthony  Hudson,40
Ian Netupsky,39
Travis Lang,27
Steven Kross,25
Earl Jackson,22
Adam Nicholas Paul,7
