Name,Votes
Chase Oliver,"3,980"
Robert Kennedy Jr,"3,298"
Josh Smith,"3,005"
Lars Mapstead,"2,745"
Michael Rectenwald,"2,016"
Donald Trump,"1,583"
Michael Ter-Maat,"1,551"
Jacob Hornberger,"1,488"
Cornel West,877
Ron Desantis,858
Jill Stein,791
Marianne Williamson,687
Andy Williams,682
Joseph Biden,651
Nikki Haley,427
Tom Ross,418
Dean Phillips,398
Frank Lozada,395
Claudia De La Cruz,382
Shiva Ayyadurai,300
Cenk Uygur,208
Jason Palmer,141
Gabriel Cornejo,113
Stephen Lyons,108
Jorge Zavala,101
Ryan Binkley,82
Joseph Maldonado,73
Emanuel Pastreich,64
Terrisa Bukovinac,49
Michael Wood,40
Jimmy Cooper,35
Willie Carter,32
Angeline Payne,32
Michael Bickelmeyer,26
Wayne Pope Sr,23
Eric Boerner,21
Susan Resch,18
Hirsh Singh,14
Walter Clapp,13
Charles Camilleri,12
Steven Kross,11
Travis Lang,11
Armando Perez-Serrato,10
Corey Stapleton,9
Rollan Roberts,7
Christin Powers,7
Susan Buchser-Lochocki,4
Timothy Villari,3
Jim Norris,2
Daniel Imperato,1
Jesus Torres,0
Earl Jackson,0
