Name,Votes
Chase Oliver,"4,813"
Robert Kennedy Jr,"4,135"
Lars Mapstead,"3,716"
Josh Smith,"3,345"
Michael Rectenwald,"2,259"
Donald Trump,"1,933"
Jacob Hornberger,"1,805"
Michael Ter-Maat,"1,798"
Cornel West,"1,171"
Jill Stein,"1,071"
Ron Desantis,996
Andy Williams,932
Marianne Williamson,860
Joseph Biden,782
Nikki Haley,555
Claudia De La Cruz,552
Tom Ross,511
Frank Lozada,471
Dean Phillips,463
Shiva Ayyadurai,382
Cenk Uygur,267
Jason Palmer,190
Jorge Zavala,140
Terrisa Bukovinac,132
Gabriel Cornejo,123
Stephen Lyons,108
Ryan Binkley,100
Emanuel Pastreich,94
Joseph Maldonado,90
Michael Wood,66
Angeline Payne,46
Jimmy Cooper,46
Wayne Pope Sr,39
Willie Carter,38
Eric Boerner,26
Michael Bickelmeyer,26
Hirsh Singh,25
Susan Resch,24
Travis Lang,15
Armando Perez-Serrato,13
Charles Camilleri,13
Walter Clapp,13
Christin Powers,12
Steven Kross,11
Corey Stapleton,9
Timothy Villari,7
Rollan Roberts,7
Susan Buchser-Lochocki,6
Jim Norris,6
Jesus Torres,3
Daniel Imperato,1
Earl Jackson,0
