Name,Votes
Robert Kennedy Jr,2427
Chase Oliver,2316
Josh Smith,2172
Lars Mapstead,1926
Michael Rectenwald,1466
Michael Ter-Maat,1148
Donald Trump,1115
Jacob Hornberger,984
Cornel West,631
Ron Desantis,611
Jill Stein,578
Marianne Williamson,537
Joseph Biden,461
Tom Ross,330
Nikki Haley,324
Dean Phillips,284
Andy Williams,277
Claudia De La Cruz,268
Shiva Ayyadurai,228
Cenk Uygur,171
Frank Lozada,132
Stephen Lyons,104
Jason Palmer,102
Gabriel Cornejo,85
Jorge Zavala,68
Emanuel Pastreich,46
Ryan Binkley,44
Joseph Maldonado,41
Michael Wood,29
Jimmy Cooper,21
Willie Carter,21
Michael Bickelmeyer,20
Susan Resch,15
Eric Boerner,15
Angeline Payne,14
Walter Clapp,12
Hirsh Singh,11
Terrisa Bukovinac,10
Travis Lang,10
Wayne Pope Sr,8
Charles Camilleri,7
Steven Kross,6
Corey Stapleton,5
Susan Buchser-Lochocki,4
Timothy Villari,3
Rollan Roberts,3
Armando Perez-Serrato,1
Daniel Imperato,1
Jim Norris,1
Jesus Torres,0
Christin Powers,0
Earl Jackson,0
