Name,Votes
Chase Oliver,1943
Josh Smith,1778
Robert Kennedy Jr,1744
Lars Mapstead,1464
Michael Rectenwald,1150
Michael Ter-Maat,1007
Donald Trump,851
Jacob Hornberger,799
Cornel West,471
Jill Stein,464
Ron Desantis,454
Marianne Williamson,426
Joseph Biden,331
Nikki Haley,263
Tom Ross,241
Dean Phillips,227
Shiva Ayyadurai,156
Claudia De La Cruz,142
Cenk Uygur,132
Frank Lozada,92
Stephen Lyons,92
Jason Palmer,81
Andy Williams,60
Gabriel Cornejo,59
Jorge Zavala,55
Ryan Binkley,38
Emanuel Pastreich,34
Joseph Maldonado,31
Michael Wood,24
Michael Bickelmeyer,17
Eric Boerner,15
Hirsh Singh,11
Willie Carter,10
Susan Resch,10
Travis Lang,10
Angeline Payne,9
Terrisa Bukovinac,9
Jimmy Cooper,8
Walter Clapp,8
Charles Camilleri,7
Corey Stapleton,5
Susan Buchser-Lochocki,4
Wayne Pope Sr,3
Timothy Villari,3
Rollan Roberts,3
Armando Perez-Serrato,1
Daniel Imperato,1
Steven Kross,1
Jim Norris,1
Jesus Torres,0
Christin Powers,0
Earl Jackson,0
