Name,Votes
Claudia De La Cruz,"105,684"
Cornel West,"29,294"
Jill Stein,"20,457"
Peter Sonski,"15,073"
Jasmine Sherman,"13,957"
Robert Kennedy Jr,"12,526"
Chase Oliver,"12,501"
Lars Mapstead,"11,698"
Marianne Williamson,"8,542"
Josh Smith,"7,617"
Michael Ter-Maat,"6,573"
Cenk Uygur,"5,898"
Joseph Biden,"5,748"
Donald Trump,"5,739"
Michael Rectenwald,"5,666"
Jacob Hornberger,"4,677"
Nikki Haley,"4,267"
Charles Ballay,"3,078"
Joseph Afroman Foreman,"2,579"
Dean Phillips,"2,424"
Alan Collinge,"2,265"
Brittany  Jones,"2,168"
Andy Williams,"2,098"
Terrisa Bukovinac,"2,016"
Vermin  Supreme,"1,940"
Jorge Zavala,"1,634"
Shiva Ayyadurai,"1,619"
Tom Ross,"1,246"
Gabriel Cornejo,"1,094"
Sorinne Ardeleanu,984
Emanuel Pastreich,966
Frank Lozada,903
Jason Palmer,542
Willie Carter,510
Ryan Binkley,497
Joseph Maldonado,462
Robert  Cooke,410
Jimmy Cooper,398
Michael Wood,383
Armando Perez-Serrato,305
Angeline Payne,272
Wayne Pope Sr,245
Christin Powers,201
Doug Jenkins,191
Tony Jones,133
Stephen Lyons,133
Eric Boerner,125
Walter Clapp,114
Suzzanna  Tanner,114
Hirsh Singh,114
Susan Buchser-Lochocki,110
Michael Bickelmeyer,101
Jesus Torres,101
Susan Resch,96
Alander  Pulliam,94
Robby Wells,92
Charles Camilleri,91
Andre  Nero,72
Corey Stapleton,67
Timothy Villari,63
Jim Norris,57
Rollan Roberts,56
Daniel Imperato,55
Travis Lang,53
Earl Jackson,52
Ian Netupsky,50
Anthony  Hudson,47
Steven Kross,45
Adam Nicholas Paul,45
