Name,Votes
Chase Oliver,"4,022"
Robert Kennedy Jr,"3,390"
Josh Smith,"3,029"
Lars Mapstead,"2,921"
Michael Rectenwald,"2,041"
Donald Trump,"1,622"
Michael Ter-Maat,"1,561"
Jacob Hornberger,"1,502"
Cornel West,894
Ron Desantis,873
Jill Stein,800
Marianne Williamson,691
Andy Williams,684
Joseph Biden,664
Nikki Haley,436
Tom Ross,427
Frank Lozada,405
Dean Phillips,398
Claudia De La Cruz,397
Shiva Ayyadurai,314
Cenk Uygur,210
Jason Palmer,149
Gabriel Cornejo,122
Stephen Lyons,108
Jorge Zavala,102
Ryan Binkley,82
Joseph Maldonado,73
Emanuel Pastreich,68
Terrisa Bukovinac,55
Michael Wood,40
Angeline Payne,37
Jimmy Cooper,35
Willie Carter,32
Michael Bickelmeyer,26
Wayne Pope Sr,23
Eric Boerner,21
Susan Resch,18
Travis Lang,15
Hirsh Singh,14
Walter Clapp,13
Charles Camilleri,12
Steven Kross,11
Armando Perez-Serrato,10
Corey Stapleton,9
Rollan Roberts,7
Christin Powers,7
Susan Buchser-Lochocki,4
Timothy Villari,3
Jim Norris,2
Daniel Imperato,1
Jesus Torres,0
Earl Jackson,0
