Name,Votes
Claudia De La Cruz,"92,380"
Cornel West,"22,178"
Jill Stein,"14,595"
Peter Sonski,"14,173"
Chase Oliver,"10,290"
Robert Kennedy Jr,"9,898"
Lars Mapstead,"9,035"
Josh Smith,"6,807"
Marianne Williamson,"6,232"
Michael Ter-Maat,"6,042"
Michael Rectenwald,"4,745"
Donald Trump,"4,537"
Cenk Uygur,"4,271"
Joseph Biden,"3,921"
Jacob Hornberger,"3,815"
Nikki Haley,"3,297"
Jasmine Sherman,"2,943"
Charles Ballay,"2,283"
Dean Phillips,"1,783"
Andy Williams,"1,713"
Terrisa Bukovinac,"1,595"
Joseph Foreman,"1,411"
Shiva Ayyadurai,"1,250"
Vermin  Supreme,"1,241"
Jorge Zavala,"1,202"
Tom Ross,"1,058"
Emanuel Pastreich,734
Gabriel Cornejo,720
Frank Lozada,706
Sorinne Ardeleanu,608
Brittany  Jones,591
Jason Palmer,401
Ryan Binkley,372
Michael Wood,356
Joseph Maldonado,343
Willie Carter,303
Robert  Cooke,286
Jimmy Cooper,259
Armando Perez-Serrato,229
Angeline Payne,172
Wayne Pope Sr,136
Christin Powers,132
Doug Jenkins,123
Stephen Lyons,119
Tony Jones,112
Walter Clapp,94
Hirsh Singh,84
Eric Boerner,74
Susan Resch,64
Michael Bickelmeyer,64
Jesus Torres,59
Corey Stapleton,55
Susan Buchser-Lochocki,54
Robby Wells,49
Timothy Villari,48
Charles Camilleri,43
Suzzanna  Tanner,41
Alander  Pulliam,35
Rollan Roberts,35
Jim Norris,35
Daniel Imperato,34
Ian Netupsky,27
Andre  Nero,25
Travis Lang,22
Anthony  Hudson,20
Earl Jackson,19
Steven Kross,18
