Name,Votes
Chase Oliver,"8,451"
Robert Kennedy Jr,"6,571"
Lars Mapstead,"6,469"
Jill Stein,"6,376"
Josh Smith,"4,732"
Cornel West,"4,487"
Michael Rectenwald,"3,564"
Michael Ter-Maat,"3,467"
Donald Trump,"3,058"
Jacob Hornberger,"2,925"
Marianne Williamson,"2,068"
Claudia De La Cruz,"2,046"
Peter Sonski,"1,787"
Joseph Biden,"1,659"
Nikki Haley,"1,538"
Andy Williams,"1,209"
Cenk Uygur,926
Charles Ballay,848
Dean Phillips,837
Tom Ross,777
Shiva Ayyadurai,668
Frank Lozada,548
Jorge Zavala,525
Terrisa Bukovinac,461
Emanuel Pastreich,386
Jason Palmer,265
Ryan Binkley,210
Michael Wood,193
Gabriel Cornejo,158
Joseph Maldonado,137
Jimmy Cooper,113
Vermin  Supreme,110
Stephen Lyons,108
Angeline Payne,84
Willie Carter,78
Wayne Pope Sr,67
Hirsh Singh,52
Michael Bickelmeyer,47
Eric Boerner,43
Walter Clapp,43
Susan Resch,41
Corey Stapleton,41
Rollan Roberts,27
Sorinne Ardeleanu,21
Timothy Villari,21
Armando Perez-Serrato,21
Tony Jones,20
Jim Norris,20
Susan Buchser-Lochocki,17
Charles Camilleri,17
Christin Powers,17
Robby Wells,16
Jasmine Sherman,16
Travis Lang,15
Jesus Torres,14
Daniel Imperato,14
Joseph Foreman,12
Ian Netupsky,11
Alander  Pulliam,11
Steven Kross,11
Brittany  Jones,9
Doug Jenkins,8
Robert  Cooke,7
Anthony  Hudson,6
Earl Jackson,4
Andre  Nero,1
Suzzanna  Tanner,0
