Name,Votes
Chase Oliver,"4,355"
Robert Kennedy Jr,"3,697"
Lars Mapstead,"3,293"
Josh Smith,"3,227"
Michael Rectenwald,"2,171"
Donald Trump,"1,766"
Michael Ter-Maat,"1,689"
Jacob Hornberger,"1,655"
Cornel West,980
Ron Desantis,926
Jill Stein,910
Andy Williams,797
Marianne Williamson,750
Joseph Biden,708
Nikki Haley,500
Claudia De La Cruz,466
Frank Lozada,465
Tom Ross,459
Dean Phillips,417
Shiva Ayyadurai,358
Cenk Uygur,237
Jason Palmer,160
Gabriel Cornejo,122
Jorge Zavala,114
Stephen Lyons,108
Ryan Binkley,88
Joseph Maldonado,80
Emanuel Pastreich,71
Terrisa Bukovinac,60
Michael Wood,49
Jimmy Cooper,42
Angeline Payne,37
Willie Carter,32
Wayne Pope Sr,31
Eric Boerner,26
Michael Bickelmeyer,26
Hirsh Singh,20
Susan Resch,19
Travis Lang,15
Walter Clapp,13
Charles Camilleri,12
Steven Kross,11
Armando Perez-Serrato,10
Corey Stapleton,9
Rollan Roberts,7
Christin Powers,7
Susan Buchser-Lochocki,6
Jim Norris,6
Timothy Villari,3
Daniel Imperato,1
Jesus Torres,0
Earl Jackson,0
