Name,Votes
Claudia De La Cruz,"97,509"
Cornel West,"23,969"
Jill Stein,"15,567"
Peter Sonski,"14,479"
Chase Oliver,"10,451"
Robert Kennedy Jr,"10,298"
Lars Mapstead,"9,128"
Josh Smith,"6,965"
Marianne Williamson,"6,706"
Michael Ter-Maat,"6,127"
Jasmine Sherman,"5,385"
Michael Rectenwald,"5,057"
Donald Trump,"4,749"
Cenk Uygur,"4,596"
Joseph Biden,"4,171"
Jacob Hornberger,"3,959"
Nikki Haley,"3,431"
Charles Ballay,"2,406"
Dean Phillips,"1,886"
Andy Williams,"1,837"
Terrisa Bukovinac,"1,701"
Joseph Foreman,"1,556"
Vermin  Supreme,"1,351"
Shiva Ayyadurai,"1,335"
Jorge Zavala,"1,297"
Tom Ross,"1,124"
Brittany  Jones,995
Gabriel Cornejo,781
Emanuel Pastreich,778
Frank Lozada,732
Sorinne Ardeleanu,685
Jason Palmer,454
Ryan Binkley,382
Michael Wood,361
Joseph Maldonado,360
Willie Carter,323
Robert  Cooke,309
Jimmy Cooper,282
Armando Perez-Serrato,243
Angeline Payne,185
Christin Powers,164
Wayne Pope Sr,147
Doug Jenkins,137
Stephen Lyons,125
Tony Jones,116
Walter Clapp,101
Hirsh Singh,86
Eric Boerner,76
Susan Resch,69
Susan Buchser-Lochocki,67
Michael Bickelmeyer,64
Jesus Torres,62
Suzzanna  Tanner,57
Corey Stapleton,55
Timothy Villari,54
Robby Wells,52
Charles Camilleri,50
Jim Norris,43
Alander  Pulliam,41
Rollan Roberts,39
Daniel Imperato,37
Andre  Nero,37
Anthony  Hudson,32
Ian Netupsky,32
Travis Lang,26
Steven Kross,23
Earl Jackson,21
