Name,Votes
Chase Oliver,1528
Josh Smith,1420
Lars Mapstead,1143
Robert Kennedy Jr,1126
Michael Rectenwald,901
Michael Ter-Maat,818
Jacob Hornberger,642
Donald Trump,614
Ron Desantis,322
Marianne Williamson,278
Jill Stein,262
Cornel West,249
Joseph Biden,222
Nikki Haley,197
Dean Phillips,147
Tom Ross,136
Shiva Ayyadurai,124
Cenk Uygur,80
Stephen Lyons,77
Claudia De La Cruz,60
Jason Palmer,59
Frank Lozada,53
Gabriel Cornejo,40
Ryan Binkley,32
Joseph Maldonado,31
Jorge Zavala,27
Michael Bickelmeyer,16
Emanuel Pastreich,15
Andy Williams,11
Eric Boerner,11
Michael Wood,10
Travis Lang,10
Terrisa Bukovinac,9
Walter Clapp,8
Charles Camilleri,7
Willie Carter,6
Corey Stapleton,5
Hirsh Singh,5
Susan Resch,5
Susan Buchser-Lochocki,4
Angeline Payne,4
Timothy Villari,3
Jimmy Cooper,3
Rollan Roberts,3
Wayne Pope Sr,2
Armando Perez-Serrato,1
Daniel Imperato,1
Steven Kross,1
Jim Norris,1
Jesus Torres,0
Christin Powers,0
Earl Jackson,0
