Name,Votes
Chase Oliver,"5,013"
Robert Kennedy Jr,"4,306"
Lars Mapstead,"3,942"
Josh Smith,"3,407"
Michael Rectenwald,"2,344"
Donald Trump,"1,980"
Michael Ter-Maat,"1,907"
Jacob Hornberger,"1,868"
Cornel West,"1,241"
Jill Stein,"1,146"
Ron Desantis,"1,012"
Andy Williams,985
Marianne Williamson,885
Joseph Biden,839
Nikki Haley,609
Claudia De La Cruz,592
Tom Ross,569
Dean Phillips,493
Frank Lozada,474
Shiva Ayyadurai,394
Cenk Uygur,281
Jason Palmer,217
Jorge Zavala,146
Terrisa Bukovinac,144
Gabriel Cornejo,129
Ryan Binkley,114
Stephen Lyons,108
Emanuel Pastreich,98
Joseph Maldonado,93
Michael Wood,76
Jimmy Cooper,51
Angeline Payne,46
Wayne Pope Sr,40
Willie Carter,38
Susan Resch,28
Hirsh Singh,27
Eric Boerner,26
Michael Bickelmeyer,26
Walter Clapp,15
Travis Lang,15
Armando Perez-Serrato,13
Charles Camilleri,13
Timothy Villari,12
Christin Powers,12
Steven Kross,11
Corey Stapleton,9
Rollan Roberts,7
Susan Buchser-Lochocki,6
Jim Norris,6
Jesus Torres,3
Daniel Imperato,1
Earl Jackson,0
