Name,Votes
Claudia De La Cruz,"104,327"
Cornel West,"28,608"
Jill Stein,"19,867"
Peter Sonski,"14,706"
Jasmine Sherman,"12,852"
Robert Kennedy Jr,"11,854"
Chase Oliver,"11,689"
Lars Mapstead,"10,526"
Marianne Williamson,"8,241"
Josh Smith,"7,376"
Michael Ter-Maat,"6,365"
Cenk Uygur,"5,774"
Michael Rectenwald,"5,427"
Donald Trump,"5,408"
Joseph Biden,"5,236"
Jacob Hornberger,"4,327"
Nikki Haley,"3,934"
Charles Ballay,"2,656"
Joseph Afroman Foreman,"2,283"
Dean Phillips,"2,283"
Andy Williams,"2,065"
Terrisa Bukovinac,"1,928"
Brittany  Jones,"1,907"
Vermin  Supreme,"1,811"
Shiva Ayyadurai,"1,587"
Jorge Zavala,"1,577"
Alan Collinge,"1,520"
Tom Ross,"1,211"
Gabriel Cornejo,"1,024"
Emanuel Pastreich,928
Sorinne Ardeleanu,923
Frank Lozada,890
Jason Palmer,524
Ryan Binkley,445
Joseph Maldonado,442
Willie Carter,438
Robert  Cooke,390
Michael Wood,377
Jimmy Cooper,366
Armando Perez-Serrato,290
Angeline Payne,245
Wayne Pope Sr,225
Christin Powers,194
Doug Jenkins,165
Stephen Lyons,129
Tony Jones,126
Hirsh Singh,111
Walter Clapp,107
Suzzanna  Tanner,100
Eric Boerner,96
Jesus Torres,91
Michael Bickelmeyer,81
Susan Buchser-Lochocki,80
Charles Camilleri,80
Susan Resch,79
Alander  Pulliam,77
Robby Wells,75
Andre  Nero,66
Corey Stapleton,65
Timothy Villari,61
Jim Norris,54
Daniel Imperato,46
Rollan Roberts,46
Ian Netupsky,44
Anthony  Hudson,40
Earl Jackson,34
Travis Lang,27
Adam Nicholas Paul,26
Steven Kross,25
