Name,Votes
Claudia De La Cruz,"33,740"
Cornel West,"12,511"
Jill Stein,"10,643"
Peter Sonski,"10,554"
Chase Oliver,"10,026"
Robert Kennedy Jr,"8,887"
Lars Mapstead,"8,647"
Josh Smith,"6,714"
Michael Ter-Maat,"5,995"
Michael Rectenwald,"4,612"
Donald Trump,"4,319"
Marianne Williamson,"4,105"
Jacob Hornberger,"3,706"
Nikki Haley,"3,028"
Joseph Biden,"2,898"
Cenk Uygur,"2,484"
Charles Ballay,"2,041"
Dean Phillips,"1,523"
Andy Williams,"1,447"
Jasmine Sherman,"1,204"
Terrisa Bukovinac,"1,149"
Tom Ross,990
Shiva Ayyadurai,942
Vermin  Supreme,846
Jorge Zavala,830
Frank Lozada,603
Emanuel Pastreich,560
Joseph Foreman,556
Gabriel Cornejo,352
Ryan Binkley,349
Jason Palmer,346
Michael Wood,343
Sorinne Ardeleanu,307
Joseph Maldonado,254
Brittany  Jones,247
Jimmy Cooper,180
Willie Carter,170
Angeline Payne,143
Robert  Cooke,139
Stephen Lyons,116
Armando Perez-Serrato,106
Wayne Pope Sr,92
Christin Powers,89
Walter Clapp,87
Hirsh Singh,83
Tony Jones,82
Doug Jenkins,79
Eric Boerner,70
Michael Bickelmeyer,64
Susan Resch,59
Jesus Torres,57
Corey Stapleton,52
Susan Buchser-Lochocki,46
Timothy Villari,42
Robby Wells,42
Jim Norris,35
Rollan Roberts,34
Daniel Imperato,32
Charles Camilleri,28
Suzzanna  Tanner,26
Alander  Pulliam,25
Ian Netupsky,22
Travis Lang,20
Steven Kross,16
Andre  Nero,14
Earl Jackson,12
Anthony  Hudson,11
