Name,Votes
Claudia De La Cruz,"105,563"
Cornel West,"29,248"
Jill Stein,"20,422"
Peter Sonski,"15,053"
Jasmine Sherman,"13,877"
Robert Kennedy Jr,"12,429"
Chase Oliver,"12,402"
Lars Mapstead,"11,281"
Marianne Williamson,"8,514"
Josh Smith,"7,606"
Michael Ter-Maat,"6,552"
Cenk Uygur,"5,889"
Donald Trump,"5,696"
Joseph Biden,"5,695"
Michael Rectenwald,"5,646"
Jacob Hornberger,"4,644"
Nikki Haley,"4,239"
Charles Ballay,"3,029"
Joseph Afroman Foreman,"2,561"
Dean Phillips,"2,396"
Alan Collinge,"2,209"
Brittany  Jones,"2,146"
Andy Williams,"2,098"
Terrisa Bukovinac,"2,012"
Vermin  Supreme,"1,924"
Jorge Zavala,"1,624"
Shiva Ayyadurai,"1,603"
Tom Ross,"1,238"
Gabriel Cornejo,"1,088"
Sorinne Ardeleanu,977
Emanuel Pastreich,963
Frank Lozada,903
Jason Palmer,542
Willie Carter,502
Ryan Binkley,491
Joseph Maldonado,462
Robert  Cooke,410
Jimmy Cooper,397
Michael Wood,383
Armando Perez-Serrato,305
Angeline Payne,272
Wayne Pope Sr,245
Christin Powers,201
Doug Jenkins,184
Stephen Lyons,133
Tony Jones,128
Eric Boerner,117
Hirsh Singh,114
Walter Clapp,112
Suzzanna  Tanner,109
Susan Buchser-Lochocki,104
Jesus Torres,101
Alander  Pulliam,94
Susan Resch,93
Michael Bickelmeyer,92
Robby Wells,92
Charles Camilleri,91
Andre  Nero,69
Corey Stapleton,67
Timothy Villari,63
Jim Norris,57
Rollan Roberts,56
Daniel Imperato,52
Ian Netupsky,50
Anthony  Hudson,47
Travis Lang,43
Adam Nicholas Paul,40
Earl Jackson,38
Steven Kross,31
