Name,Votes
Chase Oliver,"8,369"
Robert Kennedy Jr,"6,455"
Lars Mapstead,"6,331"
Jill Stein,"6,289"
Josh Smith,"4,714"
Cornel West,"4,320"
Michael Rectenwald,"3,534"
Michael Ter-Maat,"3,452"
Donald Trump,"3,008"
Jacob Hornberger,"2,895"
Marianne Williamson,"2,023"
Claudia De La Cruz,"2,000"
Joseph Biden,"1,603"
Nikki Haley,"1,384"
Andy Williams,"1,203"
Cenk Uygur,908
Peter Sonski,890
Charles Ballay,823
Dean Phillips,798
Tom Ross,768
Shiva Ayyadurai,663
Frank Lozada,548
Jorge Zavala,525
Emanuel Pastreich,383
Terrisa Bukovinac,367
Jason Palmer,259
Ryan Binkley,194
Michael Wood,170
Gabriel Cornejo,158
Joseph Maldonado,137
Jimmy Cooper,113
Stephen Lyons,108
Angeline Payne,82
Willie Carter,78
Wayne Pope Sr,67
Vermin  Supreme,64
Hirsh Singh,52
Michael Bickelmeyer,45
Walter Clapp,40
Eric Boerner,38
Susan Resch,38
Corey Stapleton,33
Rollan Roberts,27
Timothy Villari,21
Armando Perez-Serrato,21
Sorinne Ardeleanu,20
Jim Norris,20
Susan Buchser-Lochocki,17
Charles Camilleri,17
Christin Powers,17
Jasmine Sherman,15
Travis Lang,15
Jesus Torres,12
Tony Jones,11
Steven Kross,11
Brittany  Jones,9
Daniel Imperato,8
Robert  Cooke,7
Alander  Pulliam,7
Robby Wells,6
Anthony  Hudson,6
Ian Netupsky,5
Earl Jackson,4
Joseph Foreman,4
Andre  Nero,1
Suzzanna  Tanner,0
Doug Jenkins,0
