Name,Votes
Claudia De La Cruz,"9,798"
Chase Oliver,"9,566"
Jill Stein,"8,386"
Robert Kennedy Jr,"8,045"
Lars Mapstead,"7,814"
Cornel West,"7,521"
Peter Sonski,"7,086"
Josh Smith,"6,531"
Michael Ter-Maat,"5,856"
Michael Rectenwald,"4,269"
Donald Trump,"4,119"
Jacob Hornberger,"3,514"
Marianne Williamson,"2,947"
Nikki Haley,"2,775"
Joseph Biden,"2,403"
Charles Ballay,"1,853"
Cenk Uygur,"1,428"
Andy Williams,"1,330"
Dean Phillips,"1,308"
Terrisa Bukovinac,962
Tom Ross,849
Shiva Ayyadurai,805
Jorge Zavala,670
Frank Lozada,575
Vermin  Supreme,520
Emanuel Pastreich,458
Ryan Binkley,339
Michael Wood,336
Jasmine Sherman,318
Jason Palmer,281
Gabriel Cornejo,230
Joseph Maldonado,219
Joseph Foreman,191
Sorinne Ardeleanu,189
Jimmy Cooper,143
Angeline Payne,125
Stephen Lyons,115
Willie Carter,110
Brittany  Jones,101
Walter Clapp,83
Hirsh Singh,75
Wayne Pope Sr,73
Robert  Cooke,65
Eric Boerner,65
Michael Bickelmeyer,64
Tony Jones,63
Susan Resch,55
Jesus Torres,52
Corey Stapleton,52
Christin Powers,49
Doug Jenkins,48
Susan Buchser-Lochocki,45
Timothy Villari,41
Robby Wells,38
Jim Norris,35
Armando Perez-Serrato,34
Rollan Roberts,34
Daniel Imperato,31
Suzzanna  Tanner,21
Ian Netupsky,20
Charles Camilleri,19
Travis Lang,19
Alander  Pulliam,18
Steven Kross,16
Anthony  Hudson,11
Andre  Nero,10
Earl Jackson,10
