Name,Votes
Chase Oliver,"9,186"
Robert Kennedy Jr,"7,580"
Lars Mapstead,"7,254"
Jill Stein,"6,956"
Peter Sonski,"6,400"
Josh Smith,"5,329"
Cornel West,"5,218"
Michael Ter-Maat,"4,845"
Michael Rectenwald,"4,002"
Donald Trump,"3,673"
Jacob Hornberger,"3,332"
Nikki Haley,"2,575"
Marianne Williamson,"2,330"
Claudia De La Cruz,"2,200"
Joseph Biden,"2,156"
Charles Ballay,"1,559"
Andy Williams,"1,264"
Dean Phillips,"1,185"
Cenk Uygur,995
Terrisa Bukovinac,870
Tom Ross,815
Shiva Ayyadurai,721
Frank Lozada,562
Jorge Zavala,561
Emanuel Pastreich,404
Ryan Binkley,321
Michael Wood,311
Vermin  Supreme,302
Jason Palmer,277
Joseph Maldonado,168
Gabriel Cornejo,168
Jimmy Cooper,123
Sorinne Ardeleanu,121
Stephen Lyons,111
Angeline Payne,107
Willie Carter,99
Walter Clapp,83
Hirsh Singh,75
Wayne Pope Sr,67
Eric Boerner,63
Michael Bickelmeyer,60
Susan Resch,55
Corey Stapleton,52
Tony Jones,51
Doug Jenkins,43
Jasmine Sherman,39
Susan Buchser-Lochocki,38
Timothy Villari,38
Joseph Foreman,36
Christin Powers,36
Robby Wells,35
Jesus Torres,33
Jim Norris,33
Rollan Roberts,32
Daniel Imperato,27
Robert  Cooke,24
Armando Perez-Serrato,22
Travis Lang,19
Alander  Pulliam,18
Brittany  Jones,18
Charles Camilleri,17
Steven Kross,16
Ian Netupsky,15
Suzzanna  Tanner,11
Anthony  Hudson,9
Earl Jackson,7
Andre  Nero,1
