Name,Votes
Chase Oliver,"9,121"
Robert Kennedy Jr,"7,474"
Lars Mapstead,"7,222"
Jill Stein,"6,865"
Peter Sonski,"6,065"
Josh Smith,"5,218"
Cornel West,"5,166"
Michael Ter-Maat,"4,464"
Michael Rectenwald,"3,921"
Donald Trump,"3,626"
Jacob Hornberger,"3,285"
Nikki Haley,"2,502"
Marianne Williamson,"2,312"
Claudia De La Cruz,"2,181"
Joseph Biden,"2,120"
Charles Ballay,"1,517"
Andy Williams,"1,252"
Dean Phillips,"1,168"
Cenk Uygur,990
Terrisa Bukovinac,856
Tom Ross,812
Shiva Ayyadurai,708
Frank Lozada,562
Jorge Zavala,546
Emanuel Pastreich,401
Ryan Binkley,317
Michael Wood,304
Vermin  Supreme,286
Jason Palmer,277
Gabriel Cornejo,168
Joseph Maldonado,164
Jimmy Cooper,118
Stephen Lyons,111
Sorinne Ardeleanu,108
Angeline Payne,105
Willie Carter,99
Walter Clapp,77
Hirsh Singh,73
Wayne Pope Sr,67
Eric Boerner,63
Michael Bickelmeyer,60
Susan Resch,54
Corey Stapleton,52
Tony Jones,47
Doug Jenkins,43
Jasmine Sherman,39
Joseph Foreman,36
Christin Powers,36
Robby Wells,35
Susan Buchser-Lochocki,33
Rollan Roberts,32
Timothy Villari,31
Jim Norris,30
Jesus Torres,28
Daniel Imperato,24
Armando Perez-Serrato,22
Travis Lang,19
Brittany  Jones,18
Charles Camilleri,17
Robert  Cooke,16
Ian Netupsky,14
Alander  Pulliam,14
Suzzanna  Tanner,11
Steven Kross,11
Anthony  Hudson,9
Earl Jackson,7
Andre  Nero,1
