Name,Votes
Claudia De La Cruz,"107,793"
Cornel West,"30,805"
Jill Stein,"21,628"
Chase Oliver,"18,145"
Lars Mapstead,"17,024"
Peter Sonski,"16,903"
Jasmine Sherman,"16,023"
Robert Kennedy Jr,"14,648"
Marianne Williamson,"9,696"
Josh Smith,"8,713"
Michael Ter-Maat,"7,721"
Michael Rectenwald,"6,981"
Jacob Hornberger,"6,878"
Joseph Biden,"6,833"
Donald Trump,"6,600"
Cenk Uygur,"6,300"
Nikki Haley,"5,046"
Charles Ballay,"4,606"
Joseph Afroman Foreman,"3,482"
Alan Collinge,"2,986"
Dean Phillips,"2,926"
Brittany  Jones,"2,861"
Vermin  Supreme,"2,772"
Frank Lozada,"2,334"
Terrisa Bukovinac,"2,210"
Andy Williams,"2,184"
Shiva Ayyadurai,"1,814"
Jorge Zavala,"1,737"
Sorinne Ardeleanu,"1,386"
Tom Ross,"1,298"
Gabriel Cornejo,"1,234"
Emanuel Pastreich,"1,035"
Willie Carter,677
Ryan Binkley,652
Joseph Maldonado,617
Jason Palmer,586
Jimmy Cooper,483
Robert  Cooke,442
Michael Wood,407
Armando Perez-Serrato,362
Wayne Pope Sr,336
Angeline Payne,334
Doug Jenkins,295
Stephen Lyons,257
Christin Powers,256
Susan Buchser-Lochocki,237
Earl Jackson,206
Eric Boerner,201
Daniel Imperato,192
Charles Camilleri,192
Walter Clapp,167
Tony Jones,156
Michael Bickelmeyer,156
Travis Lang,155
Steven Kross,153
Hirsh Singh,137
Susan Resch,135
Suzzanna  Tanner,132
Jesus Torres,123
Alander  Pulliam,118
Robby Wells,108
Rollan Roberts,96
Jim Norris,95
Corey Stapleton,94
Adam Nicholas Paul,91
Andre  Nero,84
Anthony  Hudson,79
Timothy Villari,79
Ian Netupsky,64
