Name,Votes
Chase Oliver,"5,469"
Robert Kennedy Jr,"4,862"
Jill Stein,"4,218"
Lars Mapstead,"4,159"
Josh Smith,"3,527"
Cornel West,"2,821"
Michael Rectenwald,"2,494"
Donald Trump,"2,204"
Michael Ter-Maat,"2,043"
Jacob Hornberger,"2,004"
Marianne Williamson,"1,469"
Claudia De La Cruz,"1,424"
Joseph Biden,"1,136"
Ron Desantis,"1,062"
Andy Williams,"1,053"
Nikki Haley,784
Tom Ross,615
Dean Phillips,584
Cenk Uygur,572
Shiva Ayyadurai,478
Frank Lozada,474
Jorge Zavala,390
Emanuel Pastreich,268
Jason Palmer,229
Terrisa Bukovinac,158
Gabriel Cornejo,135
Ryan Binkley,116
Stephen Lyons,108
Joseph Maldonado,107
Michael Wood,98
Jimmy Cooper,62
Angeline Payne,56
Willie Carter,54
Wayne Pope Sr,45
Michael Bickelmeyer,32
Susan Resch,31
Hirsh Singh,27
Eric Boerner,26
Walter Clapp,19
Charles Camilleri,16
Armando Perez-Serrato,15
Christin Powers,15
Travis Lang,15
Jim Norris,14
Timothy Villari,12
Corey Stapleton,11
Steven Kross,11
Susan Buchser-Lochocki,10
Rollan Roberts,7
Jesus Torres,3
Daniel Imperato,1
Earl Jackson,0
