Name,Votes
Chase Oliver,"5,868"
Robert Kennedy Jr,"5,014"
Jill Stein,"4,555"
Lars Mapstead,"4,330"
Josh Smith,"3,587"
Cornel West,"3,032"
Michael Rectenwald,"2,584"
Donald Trump,"2,286"
Jacob Hornberger,"2,137"
Michael Ter-Maat,"2,122"
Marianne Williamson,"1,559"
Claudia De La Cruz,"1,508"
Joseph Biden,"1,197"
Ron Desantis,"1,068"
Andy Williams,"1,066"
Nikki Haley,829
Tom Ross,636
Cenk Uygur,610
Dean Phillips,591
Shiva Ayyadurai,509
Frank Lozada,475
Jorge Zavala,408
Emanuel Pastreich,283
Jason Palmer,230
Terrisa Bukovinac,160
Gabriel Cornejo,146
Ryan Binkley,116
Joseph Maldonado,110
Stephen Lyons,108
Michael Wood,99
Jimmy Cooper,72
Angeline Payne,56
Willie Carter,54
Wayne Pope Sr,48
Michael Bickelmeyer,32
Susan Resch,31
Hirsh Singh,28
Eric Boerner,26
Armando Perez-Serrato,19
Walter Clapp,19
Charles Camilleri,16
Timothy Villari,15
Christin Powers,15
Travis Lang,15
Jim Norris,14
Corey Stapleton,11
Steven Kross,11
Susan Buchser-Lochocki,10
Rollan Roberts,7
Jesus Torres,3
Daniel Imperato,1
Earl Jackson,0
