Name,Votes
Claudia De La Cruz,"106,395"
Cornel West,"29,761"
Jill Stein,"20,917"
Peter Sonski,"15,202"
Jasmine Sherman,"14,381"
Chase Oliver,"14,177"
Lars Mapstead,"13,945"
Robert Kennedy Jr,"13,162"
Marianne Williamson,"8,833"
Josh Smith,"7,809"
Michael Ter-Maat,"6,846"
Joseph Biden,"6,079"
Cenk Uygur,"5,990"
Donald Trump,"5,961"
Michael Rectenwald,"5,940"
Jacob Hornberger,"5,296"
Nikki Haley,"4,488"
Charles Ballay,"3,548"
Joseph Afroman Foreman,"2,931"
Dean Phillips,"2,575"
Alan Collinge,"2,457"
Brittany  Jones,"2,243"
Vermin  Supreme,"2,116"
Andy Williams,"2,116"
Terrisa Bukovinac,"2,094"
Jorge Zavala,"1,678"
Shiva Ayyadurai,"1,646"
Tom Ross,"1,263"
Gabriel Cornejo,"1,135"
Sorinne Ardeleanu,"1,111"
Emanuel Pastreich,989
Frank Lozada,931
Jason Palmer,560
Ryan Binkley,552
Willie Carter,546
Joseph Maldonado,491
Jimmy Cooper,429
Robert  Cooke,420
Michael Wood,390
Armando Perez-Serrato,316
Angeline Payne,279
Wayne Pope Sr,257
Doug Jenkins,245
Christin Powers,209
Stephen Lyons,159
Susan Buchser-Lochocki,156
Eric Boerner,144
Tony Jones,134
Walter Clapp,132
Michael Bickelmeyer,124
Hirsh Singh,121
Charles Camilleri,121
Suzzanna  Tanner,115
Travis Lang,115
Earl Jackson,108
Steven Kross,107
Jesus Torres,107
Susan Resch,104
Robby Wells,98
Daniel Imperato,97
Alander  Pulliam,95
Corey Stapleton,77
Andre  Nero,75
Timothy Villari,74
Adam Nicholas Paul,64
Jim Norris,64
Rollan Roberts,58
Anthony  Hudson,55
Ian Netupsky,52
