Name,Votes
Robert Kennedy Jr,2361
Chase Oliver,2263
Josh Smith,2123
Lars Mapstead,1873
Michael Rectenwald,1424
Michael Ter-Maat,1124
Donald Trump,1078
Jacob Hornberger,949
Cornel West,611
Ron Desantis,580
Jill Stein,563
Marianne Williamson,514
Joseph Biden,455
Tom Ross,323
Nikki Haley,323
Dean Phillips,276
Andy Williams,265
Claudia De La Cruz,237
Shiva Ayyadurai,211
Cenk Uygur,168
Frank Lozada,108
Jason Palmer,97
Stephen Lyons,92
Gabriel Cornejo,82
Jorge Zavala,68
Emanuel Pastreich,46
Ryan Binkley,44
Joseph Maldonado,41
Michael Wood,29
Willie Carter,21
Michael Bickelmeyer,20
Jimmy Cooper,16
Susan Resch,15
Eric Boerner,15
Angeline Payne,14
Walter Clapp,12
Hirsh Singh,11
Travis Lang,10
Terrisa Bukovinac,9
Wayne Pope Sr,8
Charles Camilleri,7
Corey Stapleton,5
Susan Buchser-Lochocki,4
Timothy Villari,3
Rollan Roberts,3
Armando Perez-Serrato,1
Daniel Imperato,1
Steven Kross,1
Jim Norris,1
Jesus Torres,0
Christin Powers,0
Earl Jackson,0
