Name,Votes
Chase Oliver,"8,512"
Robert Kennedy Jr,"6,806"
Lars Mapstead,"6,676"
Jill Stein,"6,525"
Josh Smith,"4,754"
Cornel West,"4,735"
Michael Ter-Maat,"3,991"
Michael Rectenwald,"3,587"
Peter Sonski,"3,282"
Donald Trump,"3,174"
Jacob Hornberger,"2,945"
Marianne Williamson,"2,128"
Claudia De La Cruz,"2,092"
Nikki Haley,"1,839"
Joseph Biden,"1,834"
Andy Williams,"1,222"
Charles Ballay,986
Cenk Uygur,960
Dean Phillips,947
Tom Ross,787
Shiva Ayyadurai,684
Terrisa Bukovinac,579
Frank Lozada,554
Jorge Zavala,529
Emanuel Pastreich,395
Jason Palmer,265
Ryan Binkley,231
Michael Wood,215
Gabriel Cornejo,158
Vermin  Supreme,144
Joseph Maldonado,141
Jimmy Cooper,113
Stephen Lyons,108
Angeline Payne,89
Willie Carter,85
Wayne Pope Sr,67
Hirsh Singh,55
Michael Bickelmeyer,52
Walter Clapp,50
Eric Boerner,48
Susan Resch,44
Corey Stapleton,41
Sorinne Ardeleanu,40
Christin Powers,35
Tony Jones,32
Rollan Roberts,27
Jasmine Sherman,25
Robby Wells,24
Doug Jenkins,23
Jesus Torres,23
Jim Norris,23
Armando Perez-Serrato,22
Timothy Villari,21
Susan Buchser-Lochocki,19
Charles Camilleri,17
Joseph Foreman,15
Travis Lang,15
Daniel Imperato,14
Ian Netupsky,11
Alander  Pulliam,11
Steven Kross,11
Brittany  Jones,9
Robert  Cooke,7
Anthony  Hudson,6
Earl Jackson,5
Andre  Nero,1
Suzzanna  Tanner,0
