Name,Votes
Chase Oliver,"7,156"
Robert Kennedy Jr,"5,833"
Jill Stein,"5,751"
Lars Mapstead,"5,495"
Josh Smith,"4,242"
Cornel West,"3,739"
Michael Rectenwald,"3,117"
Michael Ter-Maat,"3,045"
Donald Trump,"2,638"
Jacob Hornberger,"2,522"
Marianne Williamson,"1,857"
Claudia De La Cruz,"1,850"
Joseph Biden,"1,385"
Ron Desantis,"1,174"
Andy Williams,"1,153"
Nikki Haley,"1,057"
Cenk Uygur,771
Tom Ross,705
Dean Phillips,698
Shiva Ayyadurai,615
Frank Lozada,518
Jorge Zavala,484
Emanuel Pastreich,354
Jason Palmer,254
Terrisa Bukovinac,180
Gabriel Cornejo,158
Ryan Binkley,149
Michael Wood,133
Joseph Maldonado,127
Stephen Lyons,108
Jimmy Cooper,103
Angeline Payne,70
Willie Carter,66
Wayne Pope Sr,58
Hirsh Singh,41
Michael Bickelmeyer,39
Walter Clapp,34
Eric Boerner,33
Susan Resch,31
Armando Perez-Serrato,21
Charles Camilleri,17
Jim Norris,17
Christin Powers,17
Corey Stapleton,15
Timothy Villari,15
Travis Lang,15
Rollan Roberts,14
Susan Buchser-Lochocki,14
Steven Kross,11
Daniel Imperato,8
Jesus Torres,7
Earl Jackson,0
