Name,Votes
Claudia De La Cruz,"103,984"
Cornel West,"28,394"
Jill Stein,"19,634"
Peter Sonski,"14,683"
Jasmine Sherman,"12,575"
Robert Kennedy Jr,"11,608"
Chase Oliver,"11,479"
Lars Mapstead,"10,403"
Marianne Williamson,"8,156"
Josh Smith,"7,353"
Michael Ter-Maat,"6,339"
Cenk Uygur,"5,716"
Michael Rectenwald,"5,392"
Donald Trump,"5,332"
Joseph Biden,"5,138"
Jacob Hornberger,"4,282"
Nikki Haley,"3,867"
Charles Ballay,"2,634"
Dean Phillips,"2,245"
Joseph Afroman Foreman,"2,207"
Andy Williams,"2,051"
Terrisa Bukovinac,"1,914"
Vermin  Supreme,"1,765"
Brittany  Jones,"1,699"
Shiva Ayyadurai,"1,574"
Jorge Zavala,"1,561"
Alan Collinge,"1,416"
Tom Ross,"1,207"
Gabriel Cornejo,"1,013"
Emanuel Pastreich,917
Sorinne Ardeleanu,892
Frank Lozada,872
Jason Palmer,524
Ryan Binkley,441
Willie Carter,430
Joseph Maldonado,426
Robert  Cooke,390
Michael Wood,377
Jimmy Cooper,361
Armando Perez-Serrato,290
Angeline Payne,242
Wayne Pope Sr,224
Christin Powers,194
Doug Jenkins,159
Stephen Lyons,129
Tony Jones,126
Walter Clapp,107
Hirsh Singh,103
Suzzanna  Tanner,99
Eric Boerner,95
Jesus Torres,86
Michael Bickelmeyer,81
Charles Camilleri,80
Alander  Pulliam,77
Susan Resch,77
Susan Buchser-Lochocki,76
Robby Wells,75
Andre  Nero,66
Corey Stapleton,65
Timothy Villari,61
Jim Norris,54
Rollan Roberts,43
Ian Netupsky,42
Daniel Imperato,41
Anthony  Hudson,40
Earl Jackson,30
Travis Lang,27
Steven Kross,25
Adam Nicholas Paul,18
