Name,Votes
Claudia De La Cruz,"102,609"
Cornel West,"27,569"
Jill Stein,"18,739"
Peter Sonski,"14,637"
Jasmine Sherman,"11,495"
Robert Kennedy Jr,"10,955"
Chase Oliver,"10,761"
Lars Mapstead,"9,837"
Marianne Williamson,"7,769"
Josh Smith,"7,106"
Michael Ter-Maat,"6,217"
Cenk Uygur,"5,532"
Michael Rectenwald,"5,242"
Donald Trump,"5,020"
Joseph Biden,"4,745"
Jacob Hornberger,"4,076"
Nikki Haley,"3,608"
Charles Ballay,"2,498"
Dean Phillips,"2,114"
Joseph Afroman Foreman,"2,070"
Andy Williams,"2,006"
Terrisa Bukovinac,"1,872"
Vermin  Supreme,"1,628"
Brittany  Jones,"1,524"
Shiva Ayyadurai,"1,495"
Jorge Zavala,"1,474"
Tom Ross,"1,180"
Gabriel Cornejo,949
Emanuel Pastreich,861
Sorinne Ardeleanu,826
Frank Lozada,784
Alan Collinge,525
Jason Palmer,510
Ryan Binkley,412
Joseph Maldonado,404
Willie Carter,389
Robert  Cooke,375
Michael Wood,375
Jimmy Cooper,347
Armando Perez-Serrato,279
Angeline Payne,219
Wayne Pope Sr,195
Christin Powers,194
Doug Jenkins,155
Stephen Lyons,127
Tony Jones,123
Walter Clapp,104
Hirsh Singh,92
Eric Boerner,86
Suzzanna  Tanner,86
Jesus Torres,78
Susan Resch,77
Robby Wells,75
Susan Buchser-Lochocki,70
Michael Bickelmeyer,68
Charles Camilleri,66
Alander  Pulliam,62
Andre  Nero,60
Timothy Villari,57
Corey Stapleton,55
Jim Norris,44
Rollan Roberts,41
Daniel Imperato,40
Anthony  Hudson,39
Ian Netupsky,39
Travis Lang,27
Steven Kross,25
Earl Jackson,22
Adam Nicholas Paul,7
