Name,Votes
Chase Oliver,"7,269"
Robert Kennedy Jr,"5,892"
Jill Stein,"5,792"
Lars Mapstead,"5,554"
Josh Smith,"4,335"
Cornel West,"3,767"
Michael Rectenwald,"3,154"
Michael Ter-Maat,"3,092"
Donald Trump,"2,667"
Jacob Hornberger,"2,558"
Marianne Williamson,"1,884"
Claudia De La Cruz,"1,867"
Joseph Biden,"1,408"
Ron Desantis,"1,174"
Andy Williams,"1,154"
Nikki Haley,"1,083"
Cenk Uygur,796
Tom Ross,708
Dean Phillips,704
Shiva Ayyadurai,628
Frank Lozada,518
Jorge Zavala,490
Emanuel Pastreich,354
Jason Palmer,254
Terrisa Bukovinac,180
Gabriel Cornejo,158
Ryan Binkley,152
Michael Wood,139
Joseph Maldonado,129
Stephen Lyons,108
Jimmy Cooper,103
Angeline Payne,70
Willie Carter,66
Wayne Pope Sr,58
Michael Bickelmeyer,42
Hirsh Singh,41
Walter Clapp,34
Eric Boerner,33
Susan Resch,31
Corey Stapleton,24
Armando Perez-Serrato,21
Jim Norris,18
Charles Camilleri,17
Christin Powers,17
Timothy Villari,15
Travis Lang,15
Rollan Roberts,14
Susan Buchser-Lochocki,14
Steven Kross,11
Daniel Imperato,8
Jesus Torres,7
Earl Jackson,0
