Name,Votes
Claudia De La Cruz,"106,519"
Cornel West,"29,856"
Jill Stein,"21,002"
Peter Sonski,"15,212"
Chase Oliver,"14,581"
Jasmine Sherman,"14,493"
Lars Mapstead,"14,275"
Robert Kennedy Jr,"13,298"
Marianne Williamson,"8,900"
Josh Smith,"7,903"
Michael Ter-Maat,"6,923"
Joseph Biden,"6,256"
Michael Rectenwald,"6,061"
Donald Trump,"6,037"
Cenk Uygur,"6,017"
Jacob Hornberger,"5,487"
Nikki Haley,"4,557"
Charles Ballay,"3,683"
Joseph Afroman Foreman,"3,010"
Alan Collinge,"2,643"
Dean Phillips,"2,605"
Brittany  Jones,"2,245"
Vermin  Supreme,"2,190"
Andy Williams,"2,121"
Terrisa Bukovinac,"2,112"
Jorge Zavala,"1,685"
Shiva Ayyadurai,"1,654"
Tom Ross,"1,264"
Gabriel Cornejo,"1,146"
Sorinne Ardeleanu,"1,133"
Emanuel Pastreich,994
Frank Lozada,952
Willie Carter,573
Ryan Binkley,563
Jason Palmer,560
Joseph Maldonado,505
Jimmy Cooper,434
Robert  Cooke,424
Michael Wood,390
Armando Perez-Serrato,321
Angeline Payne,293
Wayne Pope Sr,264
Doug Jenkins,255
Christin Powers,210
Stephen Lyons,166
Susan Buchser-Lochocki,165
Eric Boerner,146
Tony Jones,142
Charles Camilleri,141
Walter Clapp,136
Michael Bickelmeyer,132
Hirsh Singh,125
Travis Lang,124
Steven Kross,116
Suzzanna  Tanner,115
Earl Jackson,113
Susan Resch,107
Jesus Torres,107
Daniel Imperato,101
Robby Wells,98
Alander  Pulliam,95
Corey Stapleton,77
Andre  Nero,75
Timothy Villari,74
Jim Norris,69
Adam Nicholas Paul,65
Rollan Roberts,62
Anthony  Hudson,57
Ian Netupsky,52
