Name,Votes
Claudia De La Cruz,"105,768"
Cornel West,"29,321"
Jill Stein,"20,495"
Peter Sonski,"15,079"
Jasmine Sherman,"13,974"
Chase Oliver,"12,593"
Robert Kennedy Jr,"12,576"
Lars Mapstead,"11,766"
Marianne Williamson,"8,574"
Josh Smith,"7,619"
Michael Ter-Maat,"6,575"
Cenk Uygur,"5,903"
Joseph Biden,"5,790"
Donald Trump,"5,786"
Michael Rectenwald,"5,673"
Jacob Hornberger,"4,698"
Nikki Haley,"4,284"
Charles Ballay,"3,084"
Joseph Afroman Foreman,"2,585"
Dean Phillips,"2,428"
Alan Collinge,"2,283"
Brittany  Jones,"2,173"
Andy Williams,"2,101"
Terrisa Bukovinac,"2,023"
Vermin  Supreme,"1,952"
Jorge Zavala,"1,638"
Shiva Ayyadurai,"1,619"
Tom Ross,"1,246"
Gabriel Cornejo,"1,095"
Sorinne Ardeleanu,994
Emanuel Pastreich,968
Frank Lozada,906
Jason Palmer,542
Willie Carter,517
Ryan Binkley,501
Joseph Maldonado,462
Robert  Cooke,411
Jimmy Cooper,398
Michael Wood,383
Armando Perez-Serrato,305
Angeline Payne,272
Wayne Pope Sr,245
Christin Powers,201
Doug Jenkins,196
Tony Jones,133
Stephen Lyons,133
Eric Boerner,125
Susan Buchser-Lochocki,115
Walter Clapp,114
Suzzanna  Tanner,114
Hirsh Singh,114
Michael Bickelmeyer,103
Jesus Torres,101
Charles Camilleri,98
Susan Resch,96
Alander  Pulliam,94
Robby Wells,92
Andre  Nero,72
Corey Stapleton,67
Timothy Villari,63
Daniel Imperato,58
Jim Norris,57
Earl Jackson,56
Rollan Roberts,56
Travis Lang,53
Ian Netupsky,50
Anthony  Hudson,47
Steven Kross,45
Adam Nicholas Paul,45
