Name,Votes
Chase Oliver,1809
Josh Smith,1655
Robert Kennedy Jr,1565
Lars Mapstead,1381
Michael Rectenwald,1046
Michael Ter-Maat,956
Donald Trump,774
Jacob Hornberger,754
Cornel West,411
Ron Desantis,407
Jill Stein,394
Marianne Williamson,383
Joseph Biden,313
Nikki Haley,235
Tom Ross,217
Dean Phillips,205
Shiva Ayyadurai,143
Cenk Uygur,114
Claudia De La Cruz,104
Stephen Lyons,92
Jason Palmer,81
Frank Lozada,80
Andy Williams,60
Gabriel Cornejo,59
Jorge Zavala,41
Ryan Binkley,36
Emanuel Pastreich,34
Joseph Maldonado,31
Michael Bickelmeyer,16
Eric Boerner,15
Michael Wood,12
Hirsh Singh,11
Susan Resch,10
Travis Lang,10
Terrisa Bukovinac,9
Jimmy Cooper,8
Walter Clapp,8
Angeline Payne,7
Charles Camilleri,7
Willie Carter,6
Corey Stapleton,5
Susan Buchser-Lochocki,4
Timothy Villari,3
Rollan Roberts,3
Wayne Pope Sr,2
Armando Perez-Serrato,1
Daniel Imperato,1
Steven Kross,1
Jim Norris,1
Jesus Torres,0
Christin Powers,0
Earl Jackson,0
