Name,Votes
Chase Oliver,"4,578"
Robert Kennedy Jr,"3,915"
Lars Mapstead,"3,541"
Josh Smith,"3,277"
Michael Rectenwald,"2,209"
Donald Trump,"1,887"
Michael Ter-Maat,"1,747"
Jacob Hornberger,"1,729"
Cornel West,"1,066"
Jill Stein,"1,007"
Ron Desantis,978
Andy Williams,898
Marianne Williamson,799
Joseph Biden,739
Nikki Haley,523
Claudia De La Cruz,511
Tom Ross,478
Frank Lozada,471
Dean Phillips,436
Shiva Ayyadurai,368
Cenk Uygur,252
Jason Palmer,178
Jorge Zavala,130
Gabriel Cornejo,122
Stephen Lyons,108
Emanuel Pastreich,90
Ryan Binkley,89
Joseph Maldonado,87
Terrisa Bukovinac,66
Michael Wood,49
Jimmy Cooper,43
Angeline Payne,39
Wayne Pope Sr,35
Willie Carter,32
Eric Boerner,26
Michael Bickelmeyer,26
Hirsh Singh,20
Susan Resch,19
Travis Lang,15
Walter Clapp,13
Charles Camilleri,12
Steven Kross,11
Armando Perez-Serrato,10
Corey Stapleton,9
Timothy Villari,7
Rollan Roberts,7
Christin Powers,7
Susan Buchser-Lochocki,6
Jim Norris,6
Jesus Torres,3
Daniel Imperato,1
Earl Jackson,0
