Name,Votes
Chase Oliver,"8,254"
Robert Kennedy Jr,"6,344"
Lars Mapstead,"6,271"
Jill Stein,"6,225"
Josh Smith,"4,699"
Cornel West,"4,201"
Michael Rectenwald,"3,507"
Michael Ter-Maat,"3,400"
Donald Trump,"2,938"
Jacob Hornberger,"2,843"
Marianne Williamson,"1,990"
Claudia De La Cruz,"1,987"
Joseph Biden,"1,519"
Nikki Haley,"1,249"
Andy Williams,"1,190"
Cenk Uygur,889
Dean Phillips,780
Tom Ross,762
Shiva Ayyadurai,659
Charles Ballay,624
Frank Lozada,542
Jorge Zavala,515
Emanuel Pastreich,373
Peter Sonski,359
Terrisa Bukovinac,305
Jason Palmer,259
Ryan Binkley,182
Michael Wood,159
Gabriel Cornejo,158
Joseph Maldonado,137
Jimmy Cooper,113
Stephen Lyons,108
Willie Carter,78
Angeline Payne,71
Wayne Pope Sr,66
Vermin  Supreme,56
Hirsh Singh,52
Michael Bickelmeyer,42
Walter Clapp,40
Susan Resch,38
Eric Boerner,35
Corey Stapleton,30
Armando Perez-Serrato,21
Jim Norris,20
Timothy Villari,17
Susan Buchser-Lochocki,17
Charles Camilleri,17
Christin Powers,17
Sorinne Ardeleanu,16
Travis Lang,15
Rollan Roberts,14
Jasmine Sherman,11
Steven Kross,11
Jesus Torres,9
Daniel Imperato,8
Brittany  Jones,6
Anthony  Hudson,6
Joseph Foreman,4
Robert  Cooke,4
Alander  Pulliam,3
Ian Netupsky,2
Andre  Nero,1
Suzzanna  Tanner,0
Doug Jenkins,0
Robby Wells,0
Tony Jones,0
Earl Jackson,0
