Name,Votes
Claudia De La Cruz,"99,954"
Cornel West,"25,378"
Jill Stein,"16,348"
Peter Sonski,"14,576"
Chase Oliver,"10,538"
Robert Kennedy Jr,"10,534"
Lars Mapstead,"9,195"
Jasmine Sherman,"9,142"
Marianne Williamson,"7,085"
Josh Smith,"6,999"
Michael Ter-Maat,"6,148"
Michael Rectenwald,"5,141"
Cenk Uygur,"4,946"
Donald Trump,"4,858"
Joseph Biden,"4,366"
Jacob Hornberger,"4,012"
Nikki Haley,"3,496"
Charles Ballay,"2,433"
Dean Phillips,"1,969"
Andy Williams,"1,935"
Joseph Afroman Foreman,"1,822"
Terrisa Bukovinac,"1,792"
Vermin  Supreme,"1,474"
Shiva Ayyadurai,"1,374"
Jorge Zavala,"1,357"
Brittany  Jones,"1,341"
Tom Ross,"1,147"
Gabriel Cornejo,854
Emanuel Pastreich,818
Frank Lozada,763
Sorinne Ardeleanu,757
Jason Palmer,466
Joseph Maldonado,390
Ryan Binkley,389
Michael Wood,371
Willie Carter,350
Robert  Cooke,334
Jimmy Cooper,307
Armando Perez-Serrato,264
Angeline Payne,198
Christin Powers,175
Wayne Pope Sr,167
Doug Jenkins,140
Stephen Lyons,125
Tony Jones,116
Walter Clapp,104
Hirsh Singh,86
Suzzanna  Tanner,79
Eric Boerner,78
Susan Resch,71
Susan Buchser-Lochocki,69
Michael Bickelmeyer,64
Jesus Torres,62
Robby Wells,57
Corey Stapleton,55
Timothy Villari,54
Charles Camilleri,53
Alander  Pulliam,52
Andre  Nero,49
Jim Norris,43
Rollan Roberts,39
Daniel Imperato,37
Anthony  Hudson,32
Ian Netupsky,32
Travis Lang,26
Steven Kross,23
Earl Jackson,21
Adam Nicholas Paul,2
