Name,Votes
Chase Oliver,"7,847"
Robert Kennedy Jr,"6,152"
Lars Mapstead,"6,020"
Jill Stein,"6,000"
Josh Smith,"4,585"
Cornel West,"3,908"
Michael Rectenwald,"3,393"
Michael Ter-Maat,"3,261"
Donald Trump,"2,794"
Jacob Hornberger,"2,770"
Marianne Williamson,"1,936"
Claudia De La Cruz,"1,917"
Joseph Biden,"1,466"
Andy Williams,"1,186"
Nikki Haley,"1,161"
Cenk Uygur,837
Dean Phillips,756
Tom Ross,726
Shiva Ayyadurai,646
Frank Lozada,536
Jorge Zavala,503
Emanuel Pastreich,357
Jason Palmer,259
Terrisa Bukovinac,188
Ryan Binkley,169
Gabriel Cornejo,158
Michael Wood,145
Joseph Maldonado,129
Stephen Lyons,108
Jimmy Cooper,107
Angeline Payne,71
Willie Carter,66
Wayne Pope Sr,61
Hirsh Singh,52
Michael Bickelmeyer,42
Walter Clapp,37
Eric Boerner,35
Susan Resch,35
Corey Stapleton,24
Armando Perez-Serrato,21
Jim Norris,18
Susan Buchser-Lochocki,17
Charles Camilleri,17
Christin Powers,17
Timothy Villari,15
Travis Lang,15
Rollan Roberts,14
Steven Kross,11
Daniel Imperato,8
Jesus Torres,7
Earl Jackson,0
