Name,Votes
Claudia De La Cruz,"103,606"
Cornel West,"28,122"
Jill Stein,"19,258"
Peter Sonski,"14,655"
Jasmine Sherman,"12,227"
Robert Kennedy Jr,"11,207"
Chase Oliver,"10,841"
Lars Mapstead,"10,184"
Marianne Williamson,"8,038"
Josh Smith,"7,240"
Michael Ter-Maat,"6,249"
Cenk Uygur,"5,662"
Michael Rectenwald,"5,276"
Donald Trump,"5,181"
Joseph Biden,"4,995"
Jacob Hornberger,"4,099"
Nikki Haley,"3,721"
Charles Ballay,"2,509"
Dean Phillips,"2,185"
Joseph Afroman Foreman,"2,156"
Andy Williams,"2,041"
Terrisa Bukovinac,"1,906"
Vermin  Supreme,"1,663"
Brittany  Jones,"1,607"
Shiva Ayyadurai,"1,551"
Jorge Zavala,"1,544"
Alan Collinge,"1,215"
Tom Ross,"1,186"
Gabriel Cornejo,991
Emanuel Pastreich,894
Frank Lozada,862
Sorinne Ardeleanu,861
Jason Palmer,521
Ryan Binkley,431
Willie Carter,424
Joseph Maldonado,418
Robert  Cooke,390
Michael Wood,377
Jimmy Cooper,357
Armando Perez-Serrato,289
Angeline Payne,237
Wayne Pope Sr,220
Christin Powers,194
Doug Jenkins,155
Stephen Lyons,129
Tony Jones,123
Walter Clapp,107
Hirsh Singh,96
Eric Boerner,92
Suzzanna  Tanner,91
Michael Bickelmeyer,81
Charles Camilleri,80
Jesus Torres,80
Susan Resch,77
Susan Buchser-Lochocki,76
Robby Wells,75
Alander  Pulliam,67
Andre  Nero,65
Corey Stapleton,63
Timothy Villari,58
Jim Norris,48
Daniel Imperato,41
Rollan Roberts,41
Ian Netupsky,40
Anthony  Hudson,40
Earl Jackson,27
Travis Lang,27
Steven Kross,25
Adam Nicholas Paul,7
