Name,Votes
Claudia De La Cruz,"17,602"
Cornel West,"9,914"
Chase Oliver,"9,900"
Jill Stein,"9,538"
Peter Sonski,"8,776"
Robert Kennedy Jr,"8,535"
Lars Mapstead,"8,354"
Josh Smith,"6,666"
Michael Ter-Maat,"5,937"
Michael Rectenwald,"4,389"
Donald Trump,"4,251"
Jacob Hornberger,"3,611"
Marianne Williamson,"3,503"
Nikki Haley,"2,961"
Joseph Biden,"2,682"
Charles Ballay,"2,015"
Cenk Uygur,"1,924"
Dean Phillips,"1,443"
Andy Williams,"1,390"
Terrisa Bukovinac,"1,035"
Tom Ross,967
Shiva Ayyadurai,873
Jorge Zavala,755
Jasmine Sherman,751
Vermin  Supreme,738
Frank Lozada,592
Emanuel Pastreich,532
Ryan Binkley,347
Jason Palmer,340
Michael Wood,338
Joseph Foreman,334
Gabriel Cornejo,296
Sorinne Ardeleanu,267
Joseph Maldonado,246
Brittany  Jones,186
Jimmy Cooper,156
Angeline Payne,132
Willie Carter,125
Robert  Cooke,115
Stephen Lyons,115
Wayne Pope Sr,91
Walter Clapp,87
Hirsh Singh,79
Tony Jones,70
Eric Boerner,65
Michael Bickelmeyer,64
Christin Powers,63
Doug Jenkins,61
Susan Resch,55
Jesus Torres,52
Corey Stapleton,52
Armando Perez-Serrato,50
Susan Buchser-Lochocki,46
Robby Wells,42
Timothy Villari,41
Jim Norris,35
Rollan Roberts,34
Daniel Imperato,31
Charles Camilleri,25
Suzzanna  Tanner,23
Alander  Pulliam,22
Ian Netupsky,22
Travis Lang,20
Steven Kross,16
Andre  Nero,14
Anthony  Hudson,11
Earl Jackson,10
