Name,Votes
Chase Oliver,"9,319"
Robert Kennedy Jr,"7,780"
Lars Mapstead,"7,641"
Jill Stein,"7,337"
Peter Sonski,"6,898"
Josh Smith,"6,365"
Michael Ter-Maat,"5,818"
Cornel West,"5,767"
Michael Rectenwald,"4,162"
Donald Trump,"3,985"
Claudia De La Cruz,"3,631"
Jacob Hornberger,"3,406"
Nikki Haley,"2,683"
Marianne Williamson,"2,491"
Joseph Biden,"2,244"
Charles Ballay,"1,772"
Andy Williams,"1,285"
Dean Phillips,"1,250"
Cenk Uygur,"1,090"
Terrisa Bukovinac,906
Tom Ross,822
Shiva Ayyadurai,742
Jorge Zavala,576
Frank Lozada,565
Emanuel Pastreich,413
Vermin  Supreme,345
Ryan Binkley,339
Michael Wood,319
Jason Palmer,277
Joseph Maldonado,186
Gabriel Cornejo,177
Sorinne Ardeleanu,142
Jimmy Cooper,123
Stephen Lyons,114
Angeline Payne,109
Willie Carter,99
Walter Clapp,83
Hirsh Singh,75
Wayne Pope Sr,67
Joseph Foreman,66
Eric Boerner,65
Michael Bickelmeyer,64
Jasmine Sherman,60
Tony Jones,57
Susan Resch,55
Corey Stapleton,52
Brittany  Jones,45
Jesus Torres,43
Doug Jenkins,43
Timothy Villari,41
Christin Powers,40
Susan Buchser-Lochocki,39
Robby Wells,38
Rollan Roberts,34
Jim Norris,33
Daniel Imperato,31
Robert  Cooke,30
Armando Perez-Serrato,22
Travis Lang,19
Alander  Pulliam,18
Charles Camilleri,17
Steven Kross,16
Ian Netupsky,15
Suzzanna  Tanner,11
Earl Jackson,10
Anthony  Hudson,9
Andre  Nero,1
