Name,Votes
Chase Oliver,"8,496"
Robert Kennedy Jr,"6,748"
Lars Mapstead,"6,617"
Jill Stein,"6,461"
Josh Smith,"4,742"
Cornel West,"4,638"
Michael Ter-Maat,"3,876"
Michael Rectenwald,"3,569"
Donald Trump,"3,150"
Jacob Hornberger,"2,930"
Peter Sonski,"2,840"
Marianne Williamson,"2,100"
Claudia De La Cruz,"2,079"
Joseph Biden,"1,787"
Nikki Haley,"1,764"
Andy Williams,"1,222"
Charles Ballay,944
Cenk Uygur,941
Dean Phillips,920
Tom Ross,779
Shiva Ayyadurai,680
Terrisa Bukovinac,563
Frank Lozada,554
Jorge Zavala,528
Emanuel Pastreich,390
Jason Palmer,265
Ryan Binkley,227
Michael Wood,209
Gabriel Cornejo,158
Joseph Maldonado,137
Vermin  Supreme,119
Jimmy Cooper,113
Stephen Lyons,108
Angeline Payne,84
Willie Carter,78
Wayne Pope Sr,67
Hirsh Singh,55
Walter Clapp,49
Michael Bickelmeyer,47
Eric Boerner,45
Susan Resch,44
Corey Stapleton,41
Christin Powers,35
Sorinne Ardeleanu,29
Rollan Roberts,27
Robby Wells,24
Tony Jones,23
Jesus Torres,23
Jim Norris,23
Armando Perez-Serrato,22
Jasmine Sherman,21
Timothy Villari,21
Doug Jenkins,19
Susan Buchser-Lochocki,17
Charles Camilleri,17
Joseph Foreman,15
Travis Lang,15
Daniel Imperato,14
Ian Netupsky,11
Alander  Pulliam,11
Steven Kross,11
Brittany  Jones,9
Robert  Cooke,7
Anthony  Hudson,6
Earl Jackson,5
Andre  Nero,1
Suzzanna  Tanner,0
