Name,Votes
Claudia De La Cruz,"104,663"
Cornel West,"28,792"
Jill Stein,"20,030"
Peter Sonski,"14,724"
Jasmine Sherman,"13,232"
Robert Kennedy Jr,"11,990"
Chase Oliver,"11,804"
Lars Mapstead,"10,569"
Marianne Williamson,"8,309"
Josh Smith,"7,422"
Michael Ter-Maat,"6,387"
Cenk Uygur,"5,812"
Michael Rectenwald,"5,478"
Donald Trump,"5,459"
Joseph Biden,"5,295"
Jacob Hornberger,"4,370"
Nikki Haley,"3,978"
Charles Ballay,"2,676"
Joseph Afroman Foreman,"2,319"
Dean Phillips,"2,295"
Andy Williams,"2,079"
Brittany  Jones,"1,972"
Terrisa Bukovinac,"1,943"
Vermin  Supreme,"1,850"
Alan Collinge,"1,663"
Jorge Zavala,"1,587"
Shiva Ayyadurai,"1,587"
Tom Ross,"1,212"
Gabriel Cornejo,"1,040"
Emanuel Pastreich,940
Sorinne Ardeleanu,927
Frank Lozada,893
Jason Palmer,524
Ryan Binkley,449
Willie Carter,447
Joseph Maldonado,444
Robert  Cooke,390
Michael Wood,377
Jimmy Cooper,371
Armando Perez-Serrato,295
Angeline Payne,245
Wayne Pope Sr,226
Christin Powers,194
Doug Jenkins,167
Stephen Lyons,132
Tony Jones,126
Hirsh Singh,111
Walter Clapp,107
Suzzanna  Tanner,102
Eric Boerner,96
Jesus Torres,91
Alander  Pulliam,88
Susan Buchser-Lochocki,88
Robby Wells,86
Susan Resch,83
Charles Camilleri,82
Michael Bickelmeyer,81
Andre  Nero,66
Corey Stapleton,65
Timothy Villari,61
Jim Norris,54
Rollan Roberts,51
Daniel Imperato,46
Ian Netupsky,44
Anthony  Hudson,40
Earl Jackson,34
Travis Lang,27
Adam Nicholas Paul,26
Steven Kross,25
