Name,Votes
Claudia De La Cruz,"107,021"
Cornel West,"30,265"
Jill Stein,"21,245"
Peter Sonski,"16,832"
Lars Mapstead,"15,615"
Chase Oliver,"15,494"
Jasmine Sherman,"14,935"
Robert Kennedy Jr,"13,758"
Marianne Williamson,"9,388"
Josh Smith,"8,155"
Michael Ter-Maat,"7,234"
Joseph Biden,"6,546"
Michael Rectenwald,"6,416"
Donald Trump,"6,235"
Cenk Uygur,"6,138"
Jacob Hornberger,"5,918"
Nikki Haley,"4,728"
Charles Ballay,"3,994"
Joseph Afroman Foreman,"3,217"
Alan Collinge,"2,868"
Dean Phillips,"2,775"
Vermin  Supreme,"2,429"
Frank Lozada,"2,299"
Brittany  Jones,"2,270"
Terrisa Bukovinac,"2,157"
Andy Williams,"2,134"
Shiva Ayyadurai,"1,708"
Jorge Zavala,"1,708"
Tom Ross,"1,273"
Sorinne Ardeleanu,"1,217"
Gabriel Cornejo,"1,192"
Emanuel Pastreich,"1,021"
Willie Carter,639
Ryan Binkley,603
Jason Palmer,575
Joseph Maldonado,563
Jimmy Cooper,459
Robert  Cooke,432
Michael Wood,394
Armando Perez-Serrato,342
Angeline Payne,319
Wayne Pope Sr,316
Doug Jenkins,280
Christin Powers,235
Stephen Lyons,234
Susan Buchser-Lochocki,195
Earl Jackson,180
Eric Boerner,177
Charles Camilleri,168
Daniel Imperato,164
Walter Clapp,153
Michael Bickelmeyer,147
Tony Jones,142
Travis Lang,134
Susan Resch,133
Hirsh Singh,132
Steven Kross,128
Jesus Torres,122
Suzzanna  Tanner,115
Alander  Pulliam,103
Robby Wells,98
Rollan Roberts,96
Corey Stapleton,93
Jim Norris,87
Adam Nicholas Paul,79
Timothy Villari,77
Andre  Nero,75
Anthony  Hudson,61
Ian Netupsky,57
