Name,Votes
Claudia De La Cruz,"14,536"
Chase Oliver,"9,772"
Jill Stein,"9,116"
Cornel West,"8,988"
Robert Kennedy Jr,"8,265"
Lars Mapstead,"8,126"
Peter Sonski,"7,169"
Josh Smith,"6,593"
Michael Ter-Maat,"5,907"
Michael Rectenwald,"4,330"
Donald Trump,"4,183"
Jacob Hornberger,"3,580"
Marianne Williamson,"3,281"
Nikki Haley,"2,871"
Joseph Biden,"2,543"
Charles Ballay,"1,944"
Cenk Uygur,"1,761"
Dean Phillips,"1,386"
Andy Williams,"1,359"
Terrisa Bukovinac,"1,003"
Tom Ross,892
Shiva Ayyadurai,840
Jorge Zavala,711
Vermin  Supreme,666
Frank Lozada,589
Jasmine Sherman,558
Emanuel Pastreich,511
Ryan Binkley,343
Michael Wood,338
Jason Palmer,323
Joseph Foreman,275
Gabriel Cornejo,274
Sorinne Ardeleanu,240
Joseph Maldonado,236
Jimmy Cooper,148
Brittany  Jones,139
Angeline Payne,125
Stephen Lyons,115
Willie Carter,114
Robert  Cooke,95
Walter Clapp,87
Wayne Pope Sr,86
Hirsh Singh,78
Tony Jones,70
Eric Boerner,65
Michael Bickelmeyer,64
Susan Resch,55
Christin Powers,53
Jesus Torres,52
Corey Stapleton,52
Doug Jenkins,50
Susan Buchser-Lochocki,45
Timothy Villari,41
Armando Perez-Serrato,39
Robby Wells,38
Jim Norris,35
Rollan Roberts,34
Daniel Imperato,31
Ian Netupsky,22
Suzzanna  Tanner,22
Charles Camilleri,22
Travis Lang,20
Alander  Pulliam,18
Steven Kross,16
Anthony  Hudson,11
Andre  Nero,10
Earl Jackson,10
