Name,Votes
Claudia De La Cruz,"12,393"
Chase Oliver,"9,685"
Jill Stein,"8,803"
Cornel West,"8,362"
Robert Kennedy Jr,"8,168"
Lars Mapstead,"8,089"
Peter Sonski,"7,133"
Josh Smith,"6,555"
Michael Ter-Maat,"5,889"
Michael Rectenwald,"4,295"
Donald Trump,"4,162"
Jacob Hornberger,"3,557"
Marianne Williamson,"3,126"
Nikki Haley,"2,837"
Joseph Biden,"2,484"
Charles Ballay,"1,927"
Cenk Uygur,"1,631"
Dean Phillips,"1,357"
Andy Williams,"1,350"
Terrisa Bukovinac,982
Tom Ross,858
Shiva Ayyadurai,828
Jorge Zavala,695
Vermin  Supreme,593
Frank Lozada,584
Emanuel Pastreich,489
Jasmine Sherman,466
Ryan Binkley,343
Michael Wood,336
Jason Palmer,323
Gabriel Cornejo,256
Joseph Foreman,239
Joseph Maldonado,231
Sorinne Ardeleanu,206
Jimmy Cooper,143
Brittany  Jones,130
Angeline Payne,125
Stephen Lyons,115
Willie Carter,114
Wayne Pope Sr,86
Walter Clapp,83
Robert  Cooke,78
Hirsh Singh,78
Eric Boerner,65
Michael Bickelmeyer,64
Tony Jones,63
Susan Resch,55
Christin Powers,53
Jesus Torres,52
Corey Stapleton,52
Doug Jenkins,50
Susan Buchser-Lochocki,45
Timothy Villari,41
Robby Wells,38
Armando Perez-Serrato,36
Jim Norris,35
Rollan Roberts,34
Daniel Imperato,31
Suzzanna  Tanner,22
Charles Camilleri,22
Travis Lang,20
Ian Netupsky,20
Alander  Pulliam,18
Steven Kross,16
Anthony  Hudson,11
Andre  Nero,10
Earl Jackson,10
