Name,Votes
Chase Oliver,"4,868"
Robert Kennedy Jr,"4,177"
Lars Mapstead,"3,763"
Josh Smith,"3,355"
Michael Rectenwald,"2,265"
Donald Trump,"1,941"
Jacob Hornberger,"1,810"
Michael Ter-Maat,"1,803"
Cornel West,"1,203"
Jill Stein,"1,104"
Ron Desantis,"1,009"
Andy Williams,963
Marianne Williamson,869
Joseph Biden,809
Nikki Haley,579
Claudia De La Cruz,569
Tom Ross,532
Frank Lozada,474
Dean Phillips,468
Shiva Ayyadurai,387
Cenk Uygur,267
Jason Palmer,196
Jorge Zavala,146
Terrisa Bukovinac,144
Gabriel Cornejo,123
Stephen Lyons,108
Ryan Binkley,106
Emanuel Pastreich,98
Joseph Maldonado,90
Michael Wood,75
Jimmy Cooper,51
Angeline Payne,46
Wayne Pope Sr,40
Willie Carter,38
Eric Boerner,26
Michael Bickelmeyer,26
Hirsh Singh,25
Susan Resch,24
Walter Clapp,15
Travis Lang,15
Armando Perez-Serrato,13
Charles Camilleri,13
Christin Powers,12
Steven Kross,11
Corey Stapleton,9
Timothy Villari,7
Rollan Roberts,7
Susan Buchser-Lochocki,6
Jim Norris,6
Jesus Torres,3
Daniel Imperato,1
Earl Jackson,0
