Name,Votes
Claudia De La Cruz,"104,956"
Cornel West,"28,952"
Jill Stein,"20,169"
Peter Sonski,"14,828"
Jasmine Sherman,"13,476"
Robert Kennedy Jr,"12,109"
Chase Oliver,"11,894"
Lars Mapstead,"10,605"
Marianne Williamson,"8,407"
Josh Smith,"7,438"
Michael Ter-Maat,"6,408"
Cenk Uygur,"5,842"
Donald Trump,"5,543"
Michael Rectenwald,"5,501"
Joseph Biden,"5,421"
Jacob Hornberger,"4,395"
Nikki Haley,"4,046"
Charles Ballay,"2,710"
Joseph Afroman Foreman,"2,340"
Dean Phillips,"2,326"
Andy Williams,"2,083"
Brittany  Jones,"2,020"
Terrisa Bukovinac,"1,972"
Alan Collinge,"1,919"
Vermin  Supreme,"1,866"
Jorge Zavala,"1,599"
Shiva Ayyadurai,"1,587"
Tom Ross,"1,219"
Gabriel Cornejo,"1,047"
Sorinne Ardeleanu,946
Emanuel Pastreich,946
Frank Lozada,895
Jason Palmer,526
Willie Carter,464
Ryan Binkley,451
Joseph Maldonado,448
Robert  Cooke,397
Jimmy Cooper,379
Michael Wood,377
Armando Perez-Serrato,299
Angeline Payne,248
Wayne Pope Sr,226
Christin Powers,201
Doug Jenkins,169
Stephen Lyons,132
Tony Jones,126
Hirsh Singh,111
Walter Clapp,107
Suzzanna  Tanner,102
Jesus Torres,97
Eric Boerner,96
Susan Resch,88
Alander  Pulliam,88
Susan Buchser-Lochocki,88
Charles Camilleri,87
Robby Wells,86
Michael Bickelmeyer,83
Andre  Nero,66
Corey Stapleton,65
Timothy Villari,63
Jim Norris,54
Rollan Roberts,51
Ian Netupsky,48
Daniel Imperato,46
Anthony  Hudson,42
Earl Jackson,34
Travis Lang,29
Adam Nicholas Paul,26
Steven Kross,25
