Name,Votes
Chase Oliver,1759
Josh Smith,1585
Robert Kennedy Jr,1490
Lars Mapstead,1347
Michael Rectenwald,1007
Michael Ter-Maat,925
Donald Trump,731
Jacob Hornberger,725
Cornel West,402
Ron Desantis,391
Jill Stein,379
Marianne Williamson,377
Joseph Biden,310
Nikki Haley,228
Tom Ross,204
Dean Phillips,200
Shiva Ayyadurai,142
Cenk Uygur,109
Claudia De La Cruz,98
Stephen Lyons,92
Jason Palmer,81
Frank Lozada,80
Andy Williams,60
Gabriel Cornejo,55
Jorge Zavala,38
Ryan Binkley,36
Joseph Maldonado,31
Emanuel Pastreich,30
Michael Bickelmeyer,16
Eric Boerner,15
Michael Wood,12
Hirsh Singh,11
Susan Resch,10
Travis Lang,10
Terrisa Bukovinac,9
Jimmy Cooper,8
Walter Clapp,8
Angeline Payne,7
Charles Camilleri,7
Willie Carter,6
Corey Stapleton,5
Susan Buchser-Lochocki,4
Timothy Villari,3
Rollan Roberts,3
Wayne Pope Sr,2
Armando Perez-Serrato,1
Daniel Imperato,1
Steven Kross,1
Jim Norris,1
Jesus Torres,0
Christin Powers,0
Earl Jackson,0
