Name,Votes
Claudia De La Cruz,"23,189"
Cornel West,"10,839"
Peter Sonski,"10,468"
Jill Stein,"9,990"
Chase Oliver,"9,974"
Robert Kennedy Jr,"8,693"
Lars Mapstead,"8,525"
Josh Smith,"6,677"
Michael Ter-Maat,"5,963"
Michael Rectenwald,"4,497"
Donald Trump,"4,291"
Marianne Williamson,"3,674"
Jacob Hornberger,"3,654"
Nikki Haley,"2,985"
Joseph Biden,"2,732"
Cenk Uygur,"2,116"
Charles Ballay,"2,035"
Dean Phillips,"1,478"
Andy Williams,"1,413"
Terrisa Bukovinac,"1,073"
Tom Ross,971
Jasmine Sherman,939
Shiva Ayyadurai,899
Vermin  Supreme,786
Jorge Zavala,777
Frank Lozada,596
Emanuel Pastreich,539
Joseph Foreman,411
Ryan Binkley,347
Jason Palmer,346
Michael Wood,339
Gabriel Cornejo,315
Sorinne Ardeleanu,281
Joseph Maldonado,253
Brittany  Jones,212
Jimmy Cooper,160
Angeline Payne,142
Willie Carter,140
Robert  Cooke,123
Stephen Lyons,115
Wayne Pope Sr,91
Walter Clapp,87
Hirsh Singh,79
Armando Perez-Serrato,74
Tony Jones,74
Christin Powers,69
Doug Jenkins,67
Eric Boerner,65
Michael Bickelmeyer,64
Susan Resch,55
Jesus Torres,52
Corey Stapleton,52
Susan Buchser-Lochocki,46
Robby Wells,42
Timothy Villari,41
Jim Norris,35
Rollan Roberts,34
Daniel Imperato,31
Charles Camilleri,26
Suzzanna  Tanner,25
Alander  Pulliam,22
Ian Netupsky,22
Travis Lang,20
Steven Kross,16
Andre  Nero,14
Anthony  Hudson,11
Earl Jackson,10
