Name,Votes
Chase Oliver,"9,256"
Robert Kennedy Jr,"7,677"
Lars Mapstead,"7,285"
Jill Stein,"7,019"
Peter Sonski,"6,738"
Josh Smith,"5,397"
Michael Ter-Maat,"5,396"
Cornel West,"5,270"
Michael Rectenwald,"4,066"
Donald Trump,"3,729"
Jacob Hornberger,"3,362"
Nikki Haley,"2,639"
Marianne Williamson,"2,366"
Claudia De La Cruz,"2,245"
Joseph Biden,"2,189"
Charles Ballay,"1,711"
Andy Williams,"1,274"
Dean Phillips,"1,215"
Cenk Uygur,996
Terrisa Bukovinac,898
Tom Ross,820
Shiva Ayyadurai,728
Jorge Zavala,563
Frank Lozada,562
Emanuel Pastreich,404
Ryan Binkley,327
Vermin  Supreme,318
Michael Wood,314
Jason Palmer,277
Joseph Maldonado,172
Gabriel Cornejo,168
Sorinne Ardeleanu,136
Jimmy Cooper,123
Stephen Lyons,111
Angeline Payne,107
Willie Carter,99
Walter Clapp,83
Hirsh Singh,75
Wayne Pope Sr,67
Eric Boerner,65
Michael Bickelmeyer,64
Tony Jones,57
Susan Resch,55
Corey Stapleton,52
Joseph Foreman,43
Doug Jenkins,43
Timothy Villari,41
Jasmine Sherman,40
Susan Buchser-Lochocki,39
Jesus Torres,38
Robby Wells,38
Christin Powers,36
Jim Norris,33
Rollan Roberts,32
Daniel Imperato,27
Robert  Cooke,25
Armando Perez-Serrato,22
Travis Lang,19
Alander  Pulliam,18
Brittany  Jones,18
Charles Camilleri,17
Steven Kross,16
Ian Netupsky,15
Suzzanna  Tanner,11
Anthony  Hudson,9
Earl Jackson,7
Andre  Nero,1
