Name,Votes
Chase Oliver,"8,471"
Robert Kennedy Jr,"6,688"
Lars Mapstead,"6,479"
Jill Stein,"6,417"
Josh Smith,"4,733"
Cornel West,"4,554"
Michael Ter-Maat,"3,738"
Michael Rectenwald,"3,567"
Donald Trump,"3,132"
Jacob Hornberger,"2,929"
Peter Sonski,"2,392"
Marianne Williamson,"2,083"
Claudia De La Cruz,"2,060"
Joseph Biden,"1,735"
Nikki Haley,"1,661"
Andy Williams,"1,222"
Cenk Uygur,930
Charles Ballay,907
Dean Phillips,884
Tom Ross,777
Shiva Ayyadurai,674
Frank Lozada,548
Jorge Zavala,526
Terrisa Bukovinac,490
Emanuel Pastreich,387
Jason Palmer,265
Ryan Binkley,214
Michael Wood,200
Gabriel Cornejo,158
Joseph Maldonado,137
Vermin  Supreme,116
Jimmy Cooper,113
Stephen Lyons,108
Angeline Payne,84
Willie Carter,78
Wayne Pope Sr,67
Hirsh Singh,52
Walter Clapp,49
Michael Bickelmeyer,47
Eric Boerner,45
Susan Resch,43
Corey Stapleton,41
Christin Powers,35
Rollan Roberts,27
Sorinne Ardeleanu,25
Jim Norris,23
Jasmine Sherman,21
Timothy Villari,21
Armando Perez-Serrato,21
Tony Jones,20
Jesus Torres,18
Susan Buchser-Lochocki,17
Charles Camilleri,17
Robby Wells,16
Joseph Foreman,15
Travis Lang,15
Daniel Imperato,14
Doug Jenkins,11
Ian Netupsky,11
Alander  Pulliam,11
Steven Kross,11
Brittany  Jones,9
Robert  Cooke,7
Anthony  Hudson,6
Earl Jackson,4
Andre  Nero,1
Suzzanna  Tanner,0
