Name,Votes
Robert Kennedy Jr,2271
Chase Oliver,2198
Josh Smith,2083
Lars Mapstead,1818
Michael Rectenwald,1402
Michael Ter-Maat,1103
Donald Trump,1059
Jacob Hornberger,920
Cornel West,592
Ron Desantis,571
Jill Stein,558
Marianne Williamson,503
Joseph Biden,443
Nikki Haley,310
Tom Ross,307
Dean Phillips,274
Andy Williams,235
Claudia De La Cruz,231
Shiva Ayyadurai,211
Cenk Uygur,162
Frank Lozada,108
Jason Palmer,97
Stephen Lyons,92
Gabriel Cornejo,82
Jorge Zavala,68
Emanuel Pastreich,46
Joseph Maldonado,41
Ryan Binkley,41
Michael Wood,29
Willie Carter,21
Michael Bickelmeyer,20
Jimmy Cooper,16
Susan Resch,15
Eric Boerner,15
Angeline Payne,14
Walter Clapp,12
Hirsh Singh,11
Travis Lang,10
Terrisa Bukovinac,9
Wayne Pope Sr,8
Charles Camilleri,7
Corey Stapleton,5
Susan Buchser-Lochocki,4
Timothy Villari,3
Rollan Roberts,3
Armando Perez-Serrato,1
Daniel Imperato,1
Steven Kross,1
Jim Norris,1
Jesus Torres,0
Christin Powers,0
Earl Jackson,0
