Name,Votes
Chase Oliver,"6,731"
Robert Kennedy Jr,"5,662"
Jill Stein,"5,394"
Lars Mapstead,"5,126"
Josh Smith,"4,053"
Cornel West,"3,535"
Michael Rectenwald,"2,947"
Michael Ter-Maat,"2,928"
Donald Trump,"2,563"
Jacob Hornberger,"2,379"
Marianne Williamson,"1,765"
Claudia De La Cruz,"1,728"
Joseph Biden,"1,318"
Ron Desantis,"1,149"
Andy Williams,"1,125"
Nikki Haley,966
Cenk Uygur,725
Tom Ross,698
Dean Phillips,672
Shiva Ayyadurai,601
Frank Lozada,513
Jorge Zavala,468
Emanuel Pastreich,342
Jason Palmer,236
Terrisa Bukovinac,171
Gabriel Cornejo,157
Ryan Binkley,149
Joseph Maldonado,123
Michael Wood,116
Stephen Lyons,108
Jimmy Cooper,93
Angeline Payne,70
Willie Carter,66
Wayne Pope Sr,56
Hirsh Singh,41
Michael Bickelmeyer,39
Walter Clapp,33
Eric Boerner,33
Susan Resch,31
Armando Perez-Serrato,21
Jim Norris,17
Christin Powers,17
Charles Camilleri,16
Corey Stapleton,15
Timothy Villari,15
Travis Lang,15
Rollan Roberts,14
Susan Buchser-Lochocki,14
Steven Kross,11
Jesus Torres,7
Daniel Imperato,2
Earl Jackson,0
