Name,Votes
Chase Oliver,"4,100"
Robert Kennedy Jr,"3,425"
Josh Smith,"3,054"
Lars Mapstead,"3,005"
Michael Rectenwald,"2,064"
Donald Trump,"1,649"
Michael Ter-Maat,"1,580"
Jacob Hornberger,"1,538"
Cornel West,903
Ron Desantis,889
Jill Stein,811
Andy Williams,709
Marianne Williamson,696
Joseph Biden,669
Nikki Haley,456
Frank Lozada,435
Tom Ross,433
Claudia De La Cruz,410
Dean Phillips,403
Shiva Ayyadurai,331
Cenk Uygur,215
Jason Palmer,154
Gabriel Cornejo,122
Stephen Lyons,108
Jorge Zavala,106
Ryan Binkley,86
Joseph Maldonado,73
Emanuel Pastreich,71
Terrisa Bukovinac,55
Michael Wood,40
Angeline Payne,37
Jimmy Cooper,35
Willie Carter,32
Wayne Pope Sr,29
Michael Bickelmeyer,26
Eric Boerner,25
Susan Resch,18
Travis Lang,15
Hirsh Singh,14
Walter Clapp,13
Charles Camilleri,12
Steven Kross,11
Armando Perez-Serrato,10
Corey Stapleton,9
Rollan Roberts,7
Christin Powers,7
Jim Norris,5
Susan Buchser-Lochocki,4
Timothy Villari,3
Daniel Imperato,1
Jesus Torres,0
Earl Jackson,0
