Name,Votes
Claudia De La Cruz,"106,830"
Cornel West,"30,154"
Jill Stein,"21,181"
Peter Sonski,"16,832"
Lars Mapstead,"15,401"
Chase Oliver,"15,366"
Jasmine Sherman,"14,789"
Robert Kennedy Jr,"13,669"
Marianne Williamson,"9,305"
Josh Smith,"8,120"
Michael Ter-Maat,"7,188"
Joseph Biden,"6,503"
Michael Rectenwald,"6,372"
Donald Trump,"6,200"
Cenk Uygur,"6,105"
Jacob Hornberger,"5,881"
Nikki Haley,"4,706"
Charles Ballay,"3,941"
Joseph Afroman Foreman,"3,183"
Alan Collinge,"2,824"
Dean Phillips,"2,753"
Vermin  Supreme,"2,395"
Brittany  Jones,"2,264"
Terrisa Bukovinac,"2,155"
Andy Williams,"2,128"
Shiva Ayyadurai,"1,705"
Jorge Zavala,"1,701"
Frank Lozada,"1,636"
Tom Ross,"1,269"
Sorinne Ardeleanu,"1,194"
Gabriel Cornejo,"1,188"
Emanuel Pastreich,"1,021"
Willie Carter,636
Ryan Binkley,596
Jason Palmer,575
Joseph Maldonado,553
Jimmy Cooper,443
Robert  Cooke,430
Michael Wood,394
Armando Perez-Serrato,342
Wayne Pope Sr,316
Angeline Payne,314
Doug Jenkins,280
Christin Powers,235
Stephen Lyons,225
Susan Buchser-Lochocki,184
Charles Camilleri,168
Eric Boerner,165
Earl Jackson,156
Walter Clapp,147
Michael Bickelmeyer,147
Tony Jones,142
Daniel Imperato,136
Hirsh Singh,132
Travis Lang,130
Steven Kross,123
Susan Resch,123
Jesus Torres,120
Suzzanna  Tanner,115
Alander  Pulliam,98
Robby Wells,98
Jim Norris,87
Corey Stapleton,81
Timothy Villari,77
Rollan Roberts,76
Andre  Nero,75
Adam Nicholas Paul,74
Anthony  Hudson,61
Ian Netupsky,57
