Name,Votes
Claudia De La Cruz,"75,189"
Cornel West,"19,214"
Peter Sonski,"14,010"
Jill Stein,"13,398"
Chase Oliver,"10,224"
Robert Kennedy Jr,"9,585"
Lars Mapstead,"9,007"
Josh Smith,"6,786"
Michael Ter-Maat,"6,036"
Marianne Williamson,"5,598"
Michael Rectenwald,"4,722"
Donald Trump,"4,473"
Jacob Hornberger,"3,793"
Cenk Uygur,"3,648"
Joseph Biden,"3,573"
Nikki Haley,"3,194"
Jasmine Sherman,"2,355"
Charles Ballay,"2,183"
Dean Phillips,"1,699"
Andy Williams,"1,633"
Terrisa Bukovinac,"1,483"
Joseph Foreman,"1,184"
Shiva Ayyadurai,"1,147"
Jorge Zavala,"1,110"
Vermin  Supreme,"1,096"
Tom Ross,"1,028"
Emanuel Pastreich,684
Frank Lozada,664
Gabriel Cornejo,640
Sorinne Ardeleanu,499
Brittany  Jones,459
Jason Palmer,370
Ryan Binkley,362
Michael Wood,348
Joseph Maldonado,314
Willie Carter,265
Robert  Cooke,250
Jimmy Cooper,244
Armando Perez-Serrato,178
Angeline Payne,160
Christin Powers,124
Wayne Pope Sr,122
Stephen Lyons,119
Doug Jenkins,111
Tony Jones,102
Walter Clapp,94
Hirsh Singh,84
Eric Boerner,71
Michael Bickelmeyer,64
Susan Resch,62
Jesus Torres,59
Corey Stapleton,54
Susan Buchser-Lochocki,54
Robby Wells,48
Timothy Villari,44
Charles Camilleri,41
Alander  Pulliam,35
Rollan Roberts,35
Jim Norris,35
Suzzanna  Tanner,34
Daniel Imperato,34
Ian Netupsky,26
Andre  Nero,24
Travis Lang,22
Earl Jackson,19
Steven Kross,18
Anthony  Hudson,16
