Name,Votes
Claudia De La Cruz,"107,544"
Cornel West,"30,662"
Jill Stein,"21,497"
Peter Sonski,"16,875"
Chase Oliver,"16,672"
Lars Mapstead,"16,544"
Jasmine Sherman,"15,752"
Robert Kennedy Jr,"14,178"
Marianne Williamson,"9,583"
Josh Smith,"8,426"
Michael Ter-Maat,"7,503"
Joseph Biden,"6,727"
Michael Rectenwald,"6,679"
Donald Trump,"6,423"
Jacob Hornberger,"6,372"
Cenk Uygur,"6,265"
Nikki Haley,"4,896"
Charles Ballay,"4,296"
Joseph Afroman Foreman,"3,412"
Alan Collinge,"2,953"
Dean Phillips,"2,857"
Brittany  Jones,"2,641"
Vermin  Supreme,"2,620"
Frank Lozada,"2,332"
Terrisa Bukovinac,"2,203"
Andy Williams,"2,168"
Shiva Ayyadurai,"1,758"
Jorge Zavala,"1,733"
Sorinne Ardeleanu,"1,303"
Tom Ross,"1,295"
Gabriel Cornejo,"1,223"
Emanuel Pastreich,"1,025"
Willie Carter,668
Ryan Binkley,648
Joseph Maldonado,597
Jason Palmer,586
Jimmy Cooper,471
Robert  Cooke,437
Michael Wood,401
Armando Perez-Serrato,358
Wayne Pope Sr,332
Angeline Payne,330
Doug Jenkins,292
Stephen Lyons,257
Christin Powers,251
Susan Buchser-Lochocki,230
Earl Jackson,206
Eric Boerner,198
Daniel Imperato,190
Charles Camilleri,189
Walter Clapp,166
Michael Bickelmeyer,156
Travis Lang,155
Tony Jones,154
Steven Kross,151
Hirsh Singh,136
Susan Resch,135
Suzzanna  Tanner,132
Jesus Torres,123
Alander  Pulliam,118
Robby Wells,108
Rollan Roberts,96
Jim Norris,95
Corey Stapleton,94
Andre  Nero,84
Adam Nicholas Paul,82
Timothy Villari,79
Anthony  Hudson,74
Ian Netupsky,64
