Name,Votes
Chase Oliver,"5,079"
Robert Kennedy Jr,"4,628"
Lars Mapstead,"4,009"
Josh Smith,"3,430"
Jill Stein,"3,398"
Cornel West,"2,389"
Michael Rectenwald,"2,384"
Donald Trump,"2,106"
Michael Ter-Maat,"1,975"
Jacob Hornberger,"1,893"
Marianne Williamson,"1,317"
Claudia De La Cruz,"1,171"
Joseph Biden,"1,066"
Ron Desantis,"1,031"
Andy Williams,"1,017"
Nikki Haley,720
Tom Ross,603
Dean Phillips,546
Cenk Uygur,488
Frank Lozada,474
Shiva Ayyadurai,432
Jorge Zavala,302
Emanuel Pastreich,218
Jason Palmer,217
Terrisa Bukovinac,155
Gabriel Cornejo,133
Ryan Binkley,115
Stephen Lyons,108
Joseph Maldonado,102
Michael Wood,90
Jimmy Cooper,58
Willie Carter,46
Angeline Payne,46
Wayne Pope Sr,42
Susan Resch,31
Hirsh Singh,27
Eric Boerner,26
Michael Bickelmeyer,26
Charles Camilleri,16
Christin Powers,15
Walter Clapp,15
Travis Lang,15
Armando Perez-Serrato,13
Timothy Villari,12
Steven Kross,11
Susan Buchser-Lochocki,10
Corey Stapleton,9
Rollan Roberts,7
Jim Norris,6
Jesus Torres,3
Daniel Imperato,1
Earl Jackson,0
