Name,Votes
Chase Oliver,1660
Josh Smith,1484
Robert Kennedy Jr,1303
Lars Mapstead,1261
Michael Rectenwald,943
Michael Ter-Maat,868
Jacob Hornberger,679
Donald Trump,670
Ron Desantis,346
Marianne Williamson,332
Jill Stein,321
Cornel West,320
Joseph Biden,253
Nikki Haley,203
Dean Phillips,177
Tom Ross,158
Shiva Ayyadurai,131
Cenk Uygur,91
Stephen Lyons,86
Claudia De La Cruz,79
Frank Lozada,71
Jason Palmer,65
Gabriel Cornejo,44
Andy Williams,40
Ryan Binkley,36
Joseph Maldonado,31
Jorge Zavala,27
Emanuel Pastreich,21
Michael Bickelmeyer,16
Eric Boerner,11
Susan Resch,10
Michael Wood,10
Travis Lang,10
Terrisa Bukovinac,9
Walter Clapp,8
Angeline Payne,7
Charles Camilleri,7
Willie Carter,6
Corey Stapleton,5
Hirsh Singh,5
Susan Buchser-Lochocki,4
Timothy Villari,3
Jimmy Cooper,3
Rollan Roberts,3
Wayne Pope Sr,2
Armando Perez-Serrato,1
Daniel Imperato,1
Steven Kross,1
Jim Norris,1
Jesus Torres,0
Christin Powers,0
Earl Jackson,0
