Name,Votes
Claudia De La Cruz,"96,175"
Cornel West,"23,305"
Jill Stein,"15,166"
Peter Sonski,"14,446"
Chase Oliver,"10,388"
Robert Kennedy Jr,"10,167"
Lars Mapstead,"9,096"
Josh Smith,"6,920"
Marianne Williamson,"6,565"
Michael Ter-Maat,"6,078"
Michael Rectenwald,"4,933"
Donald Trump,"4,665"
Cenk Uygur,"4,464"
Joseph Biden,"4,058"
Jacob Hornberger,"3,893"
Jasmine Sherman,"3,457"
Nikki Haley,"3,401"
Charles Ballay,"2,372"
Dean Phillips,"1,849"
Andy Williams,"1,791"
Terrisa Bukovinac,"1,664"
Joseph Foreman,"1,478"
Shiva Ayyadurai,"1,300"
Vermin  Supreme,"1,278"
Jorge Zavala,"1,245"
Tom Ross,"1,084"
Brittany  Jones,851
Emanuel Pastreich,757
Gabriel Cornejo,755
Frank Lozada,717
Sorinne Ardeleanu,630
Jason Palmer,440
Ryan Binkley,380
Joseph Maldonado,358
Michael Wood,356
Willie Carter,309
Robert  Cooke,300
Jimmy Cooper,272
Armando Perez-Serrato,243
Angeline Payne,173
Christin Powers,146
Wayne Pope Sr,144
Doug Jenkins,128
Stephen Lyons,125
Tony Jones,112
Walter Clapp,100
Hirsh Singh,84
Eric Boerner,74
Susan Resch,66
Michael Bickelmeyer,64
Susan Buchser-Lochocki,63
Jesus Torres,62
Corey Stapleton,55
Timothy Villari,53
Suzzanna  Tanner,51
Robby Wells,50
Charles Camilleri,46
Jim Norris,42
Alander  Pulliam,39
Rollan Roberts,35
Daniel Imperato,34
Andre  Nero,33
Ian Netupsky,30
Anthony  Hudson,26
Travis Lang,22
Earl Jackson,19
Steven Kross,18
