Name,Votes
Chase Oliver,"8,434"
Robert Kennedy Jr,"6,551"
Jill Stein,"6,370"
Lars Mapstead,"6,356"
Josh Smith,"4,722"
Cornel West,"4,468"
Michael Rectenwald,"3,560"
Michael Ter-Maat,"3,458"
Donald Trump,"3,045"
Jacob Hornberger,"2,912"
Marianne Williamson,"2,068"
Claudia De La Cruz,"2,046"
Peter Sonski,"1,655"
Joseph Biden,"1,650"
Nikki Haley,"1,530"
Andy Williams,"1,209"
Cenk Uygur,923
Charles Ballay,848
Dean Phillips,837
Tom Ross,777
Shiva Ayyadurai,668
Frank Lozada,548
Jorge Zavala,525
Terrisa Bukovinac,440
Emanuel Pastreich,386
Jason Palmer,265
Ryan Binkley,210
Michael Wood,188
Gabriel Cornejo,158
Joseph Maldonado,137
Jimmy Cooper,113
Stephen Lyons,108
Vermin  Supreme,105
Angeline Payne,84
Willie Carter,78
Wayne Pope Sr,67
Hirsh Singh,52
Michael Bickelmeyer,47
Eric Boerner,43
Walter Clapp,43
Susan Resch,41
Corey Stapleton,41
Rollan Roberts,27
Sorinne Ardeleanu,21
Timothy Villari,21
Armando Perez-Serrato,21
Tony Jones,20
Jim Norris,20
Susan Buchser-Lochocki,17
Charles Camilleri,17
Christin Powers,17
Robby Wells,16
Jasmine Sherman,16
Travis Lang,15
Jesus Torres,14
Daniel Imperato,14
Ian Netupsky,11
Alander  Pulliam,11
Steven Kross,11
Brittany  Jones,9
Doug Jenkins,8
Joseph Foreman,7
Robert  Cooke,7
Anthony  Hudson,6
Earl Jackson,4
Andre  Nero,1
Suzzanna  Tanner,0
