Name,Votes
Chase Oliver,1715
Josh Smith,1541
Robert Kennedy Jr,1421
Lars Mapstead,1301
Michael Rectenwald,977
Michael Ter-Maat,896
Jacob Hornberger,707
Donald Trump,705
Cornel West,390
Jill Stein,369
Marianne Williamson,369
Ron Desantis,369
Joseph Biden,299
Nikki Haley,219
Dean Phillips,196
Tom Ross,192
Shiva Ayyadurai,138
Cenk Uygur,107
Claudia De La Cruz,95
Stephen Lyons,86
Jason Palmer,81
Frank Lozada,80
Gabriel Cornejo,55
Andy Williams,54
Jorge Zavala,38
Ryan Binkley,36
Joseph Maldonado,31
Emanuel Pastreich,30
Michael Bickelmeyer,16
Eric Boerner,15
Michael Wood,11
Hirsh Singh,11
Susan Resch,10
Travis Lang,10
Terrisa Bukovinac,9
Jimmy Cooper,8
Walter Clapp,8
Angeline Payne,7
Charles Camilleri,7
Willie Carter,6
Corey Stapleton,5
Susan Buchser-Lochocki,4
Timothy Villari,3
Rollan Roberts,3
Wayne Pope Sr,2
Armando Perez-Serrato,1
Daniel Imperato,1
Steven Kross,1
Jim Norris,1
Jesus Torres,0
Christin Powers,0
Earl Jackson,0
