Name,Votes
Claudia De La Cruz,"45,266"
Cornel West,"14,412"
Peter Sonski,"11,778"
Jill Stein,"11,358"
Chase Oliver,"10,065"
Robert Kennedy Jr,"9,080"
Lars Mapstead,"8,856"
Josh Smith,"6,736"
Michael Ter-Maat,"6,004"
Michael Rectenwald,"4,642"
Marianne Williamson,"4,505"
Donald Trump,"4,375"
Jacob Hornberger,"3,726"
Nikki Haley,"3,089"
Joseph Biden,"3,039"
Cenk Uygur,"2,778"
Charles Ballay,"2,087"
Dean Phillips,"1,541"
Jasmine Sherman,"1,539"
Andy Williams,"1,506"
Terrisa Bukovinac,"1,244"
Shiva Ayyadurai,996
Tom Ross,993
Vermin  Supreme,944
Jorge Zavala,892
Joseph Foreman,737
Frank Lozada,614
Emanuel Pastreich,577
Gabriel Cornejo,419
Jason Palmer,358
Sorinne Ardeleanu,355
Ryan Binkley,355
Michael Wood,344
Brittany  Jones,319
Joseph Maldonado,277
Willie Carter,200
Jimmy Cooper,200
Robert  Cooke,160
Angeline Payne,143
Armando Perez-Serrato,124
Stephen Lyons,117
Wayne Pope Sr,105
Tony Jones,94
Christin Powers,93
Walter Clapp,87
Doug Jenkins,84
Hirsh Singh,83
Eric Boerner,70
Michael Bickelmeyer,64
Susan Resch,59
Jesus Torres,57
Corey Stapleton,52
Susan Buchser-Lochocki,51
Timothy Villari,44
Robby Wells,42
Charles Camilleri,36
Rollan Roberts,35
Jim Norris,35
Daniel Imperato,34
Suzzanna  Tanner,29
Alander  Pulliam,27
Ian Netupsky,23
Travis Lang,22
Earl Jackson,19
Steven Kross,17
Andre  Nero,15
Anthony  Hudson,14
