Name,Votes
Chase Oliver,"7,497"
Robert Kennedy Jr,"5,977"
Jill Stein,"5,840"
Lars Mapstead,"5,724"
Josh Smith,"4,417"
Cornel West,"3,809"
Michael Rectenwald,"3,202"
Michael Ter-Maat,"3,129"
Donald Trump,"2,704"
Jacob Hornberger,"2,662"
Marianne Williamson,"1,896"
Claudia De La Cruz,"1,883"
Joseph Biden,"1,432"
Andy Williams,"1,160"
Nikki Haley,"1,111"
Cenk Uygur,804
Dean Phillips,727
Tom Ross,708
Shiva Ayyadurai,635
Frank Lozada,518
Jorge Zavala,493
Emanuel Pastreich,354
Jason Palmer,254
Terrisa Bukovinac,188
Ryan Binkley,160
Gabriel Cornejo,158
Michael Wood,139
Joseph Maldonado,129
Stephen Lyons,108
Jimmy Cooper,104
Angeline Payne,70
Willie Carter,66
Wayne Pope Sr,58
Hirsh Singh,47
Michael Bickelmeyer,42
Susan Resch,35
Walter Clapp,34
Eric Boerner,33
Corey Stapleton,24
Armando Perez-Serrato,21
Jim Norris,18
Charles Camilleri,17
Christin Powers,17
Timothy Villari,15
Travis Lang,15
Rollan Roberts,14
Susan Buchser-Lochocki,14
Steven Kross,11
Daniel Imperato,8
Jesus Torres,7
Earl Jackson,0
