Name,Votes
Claudia De La Cruz,"103,106"
Cornel West,"27,848"
Jill Stein,"18,955"
Peter Sonski,"14,645"
Jasmine Sherman,"11,871"
Robert Kennedy Jr,"11,137"
Chase Oliver,"10,809"
Lars Mapstead,"10,174"
Marianne Williamson,"7,905"
Josh Smith,"7,215"
Michael Ter-Maat,"6,245"
Cenk Uygur,"5,605"
Michael Rectenwald,"5,266"
Donald Trump,"5,123"
Joseph Biden,"4,909"
Jacob Hornberger,"4,084"
Nikki Haley,"3,674"
Charles Ballay,"2,509"
Dean Phillips,"2,147"
Joseph Afroman Foreman,"2,108"
Andy Williams,"2,036"
Terrisa Bukovinac,"1,887"
Vermin  Supreme,"1,642"
Brittany  Jones,"1,554"
Shiva Ayyadurai,"1,532"
Jorge Zavala,"1,515"
Tom Ross,"1,183"
Alan Collinge,"1,032"
Gabriel Cornejo,974
Emanuel Pastreich,881
Sorinne Ardeleanu,841
Frank Lozada,829
Jason Palmer,510
Ryan Binkley,420
Joseph Maldonado,413
Willie Carter,401
Robert  Cooke,380
Michael Wood,375
Jimmy Cooper,349
Armando Perez-Serrato,283
Angeline Payne,228
Wayne Pope Sr,209
Christin Powers,194
Doug Jenkins,155
Stephen Lyons,127
Tony Jones,123
Walter Clapp,106
Hirsh Singh,96
Eric Boerner,92
Suzzanna  Tanner,91
Jesus Torres,80
Susan Resch,77
Michael Bickelmeyer,75
Robby Wells,75
Susan Buchser-Lochocki,73
Charles Camilleri,72
Alander  Pulliam,67
Andre  Nero,65
Corey Stapleton,61
Timothy Villari,57
Jim Norris,48
Daniel Imperato,41
Rollan Roberts,41
Ian Netupsky,40
Anthony  Hudson,40
Travis Lang,27
Steven Kross,25
Earl Jackson,22
Adam Nicholas Paul,7
