Name,Votes
Chase Oliver,"4,164"
Robert Kennedy Jr,"3,467"
Josh Smith,"3,097"
Lars Mapstead,"3,068"
Michael Rectenwald,"2,090"
Donald Trump,"1,665"
Michael Ter-Maat,"1,612"
Jacob Hornberger,"1,569"
Cornel West,915
Ron Desantis,892
Jill Stein,825
Andy Williams,715
Marianne Williamson,697
Joseph Biden,669
Nikki Haley,461
Frank Lozada,447
Tom Ross,433
Claudia De La Cruz,415
Dean Phillips,403
Shiva Ayyadurai,331
Cenk Uygur,215
Jason Palmer,154
Gabriel Cornejo,122
Jorge Zavala,108
Stephen Lyons,108
Ryan Binkley,86
Joseph Maldonado,79
Emanuel Pastreich,71
Terrisa Bukovinac,55
Michael Wood,40
Angeline Payne,37
Jimmy Cooper,35
Willie Carter,32
Wayne Pope Sr,29
Michael Bickelmeyer,26
Eric Boerner,25
Susan Resch,18
Travis Lang,15
Hirsh Singh,14
Walter Clapp,13
Charles Camilleri,12
Steven Kross,11
Armando Perez-Serrato,10
Corey Stapleton,9
Rollan Roberts,7
Christin Powers,7
Jim Norris,5
Susan Buchser-Lochocki,4
Timothy Villari,3
Daniel Imperato,1
Jesus Torres,0
Earl Jackson,0
