Name,Votes
Claudia De La Cruz,"95,080"
Cornel West,"22,894"
Jill Stein,"14,945"
Peter Sonski,"14,348"
Chase Oliver,"10,337"
Robert Kennedy Jr,"10,031"
Lars Mapstead,"9,062"
Josh Smith,"6,832"
Marianne Williamson,"6,435"
Michael Ter-Maat,"6,057"
Michael Rectenwald,"4,784"
Donald Trump,"4,581"
Cenk Uygur,"4,385"
Joseph Biden,"4,000"
Jacob Hornberger,"3,839"
Nikki Haley,"3,359"
Jasmine Sherman,"3,166"
Charles Ballay,"2,362"
Dean Phillips,"1,810"
Andy Williams,"1,726"
Terrisa Bukovinac,"1,645"
Joseph Foreman,"1,455"
Shiva Ayyadurai,"1,276"
Vermin  Supreme,"1,258"
Jorge Zavala,"1,226"
Tom Ross,"1,072"
Brittany  Jones,768
Emanuel Pastreich,749
Gabriel Cornejo,742
Frank Lozada,714
Sorinne Ardeleanu,624
Jason Palmer,435
Ryan Binkley,375
Michael Wood,356
Joseph Maldonado,344
Willie Carter,307
Robert  Cooke,298
Jimmy Cooper,266
Armando Perez-Serrato,240
Angeline Payne,172
Christin Powers,141
Wayne Pope Sr,138
Doug Jenkins,128
Stephen Lyons,120
Tony Jones,112
Walter Clapp,94
Hirsh Singh,84
Eric Boerner,74
Susan Resch,66
Michael Bickelmeyer,64
Susan Buchser-Lochocki,63
Jesus Torres,61
Corey Stapleton,55
Suzzanna  Tanner,51
Timothy Villari,51
Robby Wells,49
Charles Camilleri,46
Jim Norris,42
Alander  Pulliam,36
Rollan Roberts,35
Daniel Imperato,34
Ian Netupsky,30
Andre  Nero,27
Travis Lang,22
Anthony  Hudson,20
Earl Jackson,19
Steven Kross,18
