Name,Votes
Chase Oliver,1862
Josh Smith,1734
Robert Kennedy Jr,1655
Lars Mapstead,1430
Michael Rectenwald,1083
Michael Ter-Maat,986
Donald Trump,832
Jacob Hornberger,776
Ron Desantis,431
Cornel West,427
Jill Stein,417
Marianne Williamson,402
Joseph Biden,316
Nikki Haley,247
Tom Ross,229
Dean Phillips,217
Shiva Ayyadurai,153
Cenk Uygur,124
Claudia De La Cruz,116
Stephen Lyons,92
Jason Palmer,81
Frank Lozada,80
Andy Williams,60
Gabriel Cornejo,59
Jorge Zavala,44
Ryan Binkley,36
Emanuel Pastreich,34
Joseph Maldonado,31
Michael Bickelmeyer,17
Eric Boerner,15
Michael Wood,13
Hirsh Singh,11
Susan Resch,10
Travis Lang,10
Terrisa Bukovinac,9
Jimmy Cooper,8
Walter Clapp,8
Angeline Payne,7
Charles Camilleri,7
Willie Carter,6
Corey Stapleton,5
Susan Buchser-Lochocki,4
Timothy Villari,3
Rollan Roberts,3
Wayne Pope Sr,2
Armando Perez-Serrato,1
Daniel Imperato,1
Steven Kross,1
Jim Norris,1
Jesus Torres,0
Christin Powers,0
Earl Jackson,0
