Name,Votes
Claudia De La Cruz,"93,837"
Cornel West,"22,562"
Jill Stein,"14,812"
Peter Sonski,"14,255"
Chase Oliver,"10,319"
Robert Kennedy Jr,"9,950"
Lars Mapstead,"9,051"
Josh Smith,"6,819"
Marianne Williamson,"6,349"
Michael Ter-Maat,"6,045"
Michael Rectenwald,"4,766"
Donald Trump,"4,556"
Cenk Uygur,"4,338"
Joseph Biden,"3,956"
Jacob Hornberger,"3,831"
Nikki Haley,"3,315"
Jasmine Sherman,"3,042"
Charles Ballay,"2,315"
Dean Phillips,"1,789"
Andy Williams,"1,725"
Terrisa Bukovinac,"1,610"
Joseph Foreman,"1,429"
Shiva Ayyadurai,"1,250"
Vermin  Supreme,"1,246"
Jorge Zavala,"1,217"
Tom Ross,"1,064"
Emanuel Pastreich,741
Gabriel Cornejo,727
Frank Lozada,706
Brittany  Jones,646
Sorinne Ardeleanu,615
Jason Palmer,407
Ryan Binkley,372
Michael Wood,356
Joseph Maldonado,343
Willie Carter,305
Robert  Cooke,292
Jimmy Cooper,263
Armando Perez-Serrato,237
Angeline Payne,172
Christin Powers,141
Wayne Pope Sr,138
Doug Jenkins,128
Stephen Lyons,119
Tony Jones,112
Walter Clapp,94
Hirsh Singh,84
Eric Boerner,74
Susan Resch,64
Michael Bickelmeyer,64
Jesus Torres,61
Susan Buchser-Lochocki,59
Corey Stapleton,55
Timothy Villari,51
Robby Wells,49
Suzzanna  Tanner,44
Charles Camilleri,43
Jim Norris,39
Alander  Pulliam,36
Rollan Roberts,35
Daniel Imperato,34
Ian Netupsky,30
Andre  Nero,27
Travis Lang,22
Anthony  Hudson,20
Earl Jackson,19
Steven Kross,18
