Name,Votes
Chase Oliver,"6,550"
Robert Kennedy Jr,"5,508"
Jill Stein,"5,148"
Lars Mapstead,"4,700"
Josh Smith,"3,951"
Cornel West,"3,408"
Michael Rectenwald,"2,878"
Donald Trump,"2,486"
Jacob Hornberger,"2,304"
Michael Ter-Maat,"2,234"
Marianne Williamson,"1,699"
Claudia De La Cruz,"1,660"
Joseph Biden,"1,282"
Ron Desantis,"1,136"
Andy Williams,"1,122"
Nikki Haley,936
Tom Ross,690
Cenk Uygur,676
Dean Phillips,661
Shiva Ayyadurai,582
Frank Lozada,508
Jorge Zavala,455
Emanuel Pastreich,330
Jason Palmer,230
Terrisa Bukovinac,166
Gabriel Cornejo,152
Ryan Binkley,132
Joseph Maldonado,121
Michael Wood,116
Stephen Lyons,108
Jimmy Cooper,81
Angeline Payne,66
Willie Carter,62
Wayne Pope Sr,53
Michael Bickelmeyer,39
Hirsh Singh,38
Eric Boerner,33
Walter Clapp,31
Susan Resch,31
Armando Perez-Serrato,21
Christin Powers,17
Charles Camilleri,16
Corey Stapleton,15
Timothy Villari,15
Travis Lang,15
Susan Buchser-Lochocki,14
Jim Norris,14
Rollan Roberts,13
Steven Kross,11
Jesus Torres,5
Daniel Imperato,2
Earl Jackson,0
