Name,Votes
Claudia De La Cruz,"93,400"
Cornel West,"22,430"
Jill Stein,"14,752"
Peter Sonski,"14,240"
Chase Oliver,"10,308"
Robert Kennedy Jr,"9,932"
Lars Mapstead,"9,045"
Josh Smith,"6,811"
Marianne Williamson,"6,298"
Michael Ter-Maat,"6,044"
Michael Rectenwald,"4,757"
Donald Trump,"4,551"
Cenk Uygur,"4,301"
Joseph Biden,"3,945"
Jacob Hornberger,"3,825"
Nikki Haley,"3,309"
Jasmine Sherman,"3,011"
Charles Ballay,"2,315"
Dean Phillips,"1,783"
Andy Williams,"1,725"
Terrisa Bukovinac,"1,606"
Joseph Foreman,"1,426"
Shiva Ayyadurai,"1,250"
Vermin  Supreme,"1,241"
Jorge Zavala,"1,208"
Tom Ross,"1,064"
Emanuel Pastreich,736
Gabriel Cornejo,727
Frank Lozada,706
Brittany  Jones,628
Sorinne Ardeleanu,614
Jason Palmer,401
Ryan Binkley,372
Michael Wood,356
Joseph Maldonado,343
Willie Carter,305
Robert  Cooke,292
Jimmy Cooper,263
Armando Perez-Serrato,233
Angeline Payne,172
Wayne Pope Sr,137
Christin Powers,137
Doug Jenkins,123
Stephen Lyons,119
Tony Jones,112
Walter Clapp,94
Hirsh Singh,84
Eric Boerner,74
Susan Resch,64
Michael Bickelmeyer,64
Jesus Torres,61
Susan Buchser-Lochocki,59
Corey Stapleton,55
Timothy Villari,51
Robby Wells,49
Suzzanna  Tanner,44
Charles Camilleri,43
Jim Norris,39
Alander  Pulliam,36
Rollan Roberts,35
Daniel Imperato,34
Ian Netupsky,30
Andre  Nero,27
Travis Lang,22
Anthony  Hudson,20
Earl Jackson,19
Steven Kross,18
