Name,Votes
Claudia De La Cruz,"13,763"
Chase Oliver,"9,754"
Jill Stein,"9,022"
Cornel West,"8,798"
Robert Kennedy Jr,"8,228"
Lars Mapstead,"8,111"
Peter Sonski,"7,151"
Josh Smith,"6,581"
Michael Ter-Maat,"5,898"
Michael Rectenwald,"4,328"
Donald Trump,"4,182"
Jacob Hornberger,"3,576"
Marianne Williamson,"3,227"
Nikki Haley,"2,864"
Joseph Biden,"2,520"
Charles Ballay,"1,944"
Cenk Uygur,"1,719"
Dean Phillips,"1,384"
Andy Williams,"1,359"
Terrisa Bukovinac,"1,001"
Tom Ross,859
Shiva Ayyadurai,839
Jorge Zavala,707
Vermin  Supreme,652
Frank Lozada,589
Jasmine Sherman,531
Emanuel Pastreich,500
Ryan Binkley,343
Michael Wood,338
Jason Palmer,323
Gabriel Cornejo,274
Joseph Foreman,266
Sorinne Ardeleanu,238
Joseph Maldonado,236
Jimmy Cooper,148
Brittany  Jones,139
Angeline Payne,125
Stephen Lyons,115
Willie Carter,114
Walter Clapp,87
Wayne Pope Sr,86
Robert  Cooke,84
Hirsh Singh,78
Tony Jones,67
Eric Boerner,65
Michael Bickelmeyer,64
Susan Resch,55
Christin Powers,53
Jesus Torres,52
Corey Stapleton,52
Doug Jenkins,50
Susan Buchser-Lochocki,45
Timothy Villari,41
Armando Perez-Serrato,39
Robby Wells,38
Jim Norris,35
Rollan Roberts,34
Daniel Imperato,31
Ian Netupsky,22
Suzzanna  Tanner,22
Charles Camilleri,22
Travis Lang,20
Alander  Pulliam,18
Steven Kross,16
Anthony  Hudson,11
Andre  Nero,10
Earl Jackson,10
