Name,Votes
Claudia De La Cruz,"105,958"
Cornel West,"29,430"
Jill Stein,"20,628"
Peter Sonski,"15,097"
Jasmine Sherman,"14,114"
Chase Oliver,"12,924"
Robert Kennedy Jr,"12,684"
Lars Mapstead,"12,290"
Marianne Williamson,"8,609"
Josh Smith,"7,675"
Michael Ter-Maat,"6,655"
Cenk Uygur,"5,923"
Joseph Biden,"5,849"
Donald Trump,"5,826"
Michael Rectenwald,"5,743"
Jacob Hornberger,"4,795"
Nikki Haley,"4,318"
Charles Ballay,"3,177"
Joseph Afroman Foreman,"2,614"
Dean Phillips,"2,449"
Alan Collinge,"2,336"
Brittany  Jones,"2,194"
Andy Williams,"2,111"
Terrisa Bukovinac,"2,038"
Vermin  Supreme,"1,979"
Jorge Zavala,"1,653"
Shiva Ayyadurai,"1,624"
Tom Ross,"1,246"
Gabriel Cornejo,"1,107"
Sorinne Ardeleanu,"1,016"
Emanuel Pastreich,973
Frank Lozada,911
Jason Palmer,542
Willie Carter,529
Ryan Binkley,511
Joseph Maldonado,469
Robert  Cooke,419
Jimmy Cooper,398
Michael Wood,384
Armando Perez-Serrato,310
Angeline Payne,272
Wayne Pope Sr,252
Doug Jenkins,212
Christin Powers,205
Stephen Lyons,137
Tony Jones,133
Eric Boerner,130
Susan Buchser-Lochocki,124
Walter Clapp,116
Suzzanna  Tanner,114
Hirsh Singh,114
Michael Bickelmeyer,113
Charles Camilleri,104
Jesus Torres,103
Susan Resch,96
Alander  Pulliam,94
Robby Wells,92
Earl Jackson,80
Daniel Imperato,75
Travis Lang,72
Andre  Nero,72
Corey Stapleton,67
Steven Kross,64
Timothy Villari,64
Jim Norris,57
Rollan Roberts,56
Ian Netupsky,50
Anthony  Hudson,47
Adam Nicholas Paul,45
