Name,Votes
Chase Oliver,"4,328"
Robert Kennedy Jr,"3,664"
Lars Mapstead,"3,257"
Josh Smith,"3,197"
Michael Rectenwald,"2,154"
Donald Trump,"1,756"
Michael Ter-Maat,"1,676"
Jacob Hornberger,"1,643"
Cornel West,973
Ron Desantis,922
Jill Stein,908
Andy Williams,791
Marianne Williamson,743
Joseph Biden,700
Nikki Haley,500
Claudia De La Cruz,461
Frank Lozada,459
Tom Ross,453
Dean Phillips,417
Shiva Ayyadurai,351
Cenk Uygur,235
Jason Palmer,154
Gabriel Cornejo,122
Jorge Zavala,114
Stephen Lyons,108
Ryan Binkley,88
Joseph Maldonado,80
Emanuel Pastreich,71
Terrisa Bukovinac,60
Michael Wood,49
Jimmy Cooper,42
Angeline Payne,37
Willie Carter,32
Wayne Pope Sr,31
Eric Boerner,26
Michael Bickelmeyer,26
Hirsh Singh,20
Susan Resch,19
Travis Lang,15
Walter Clapp,13
Charles Camilleri,12
Steven Kross,11
Armando Perez-Serrato,10
Corey Stapleton,9
Rollan Roberts,7
Christin Powers,7
Susan Buchser-Lochocki,6
Jim Norris,6
Timothy Villari,3
Daniel Imperato,1
Jesus Torres,0
Earl Jackson,0
