Name,Votes
Claudia De La Cruz,"92,893"
Cornel West,"22,313"
Jill Stein,"14,688"
Peter Sonski,"14,208"
Chase Oliver,"10,302"
Robert Kennedy Jr,"9,907"
Lars Mapstead,"9,043"
Josh Smith,"6,810"
Marianne Williamson,"6,263"
Michael Ter-Maat,"6,044"
Michael Rectenwald,"4,757"
Donald Trump,"4,546"
Cenk Uygur,"4,297"
Joseph Biden,"3,945"
Jacob Hornberger,"3,825"
Nikki Haley,"3,303"
Jasmine Sherman,"2,979"
Charles Ballay,"2,314"
Dean Phillips,"1,783"
Andy Williams,"1,717"
Terrisa Bukovinac,"1,601"
Joseph Foreman,"1,422"
Shiva Ayyadurai,"1,250"
Vermin  Supreme,"1,241"
Jorge Zavala,"1,202"
Tom Ross,"1,064"
Emanuel Pastreich,734
Gabriel Cornejo,727
Frank Lozada,706
Sorinne Ardeleanu,614
Brittany  Jones,613
Jason Palmer,401
Ryan Binkley,372
Michael Wood,356
Joseph Maldonado,343
Willie Carter,305
Robert  Cooke,286
Jimmy Cooper,259
Armando Perez-Serrato,233
Angeline Payne,172
Wayne Pope Sr,137
Christin Powers,137
Doug Jenkins,123
Stephen Lyons,119
Tony Jones,112
Walter Clapp,94
Hirsh Singh,84
Eric Boerner,74
Susan Resch,64
Michael Bickelmeyer,64
Jesus Torres,59
Corey Stapleton,55
Susan Buchser-Lochocki,54
Robby Wells,49
Timothy Villari,48
Suzzanna  Tanner,44
Charles Camilleri,43
Jim Norris,39
Alander  Pulliam,36
Rollan Roberts,35
Daniel Imperato,34
Ian Netupsky,30
Andre  Nero,27
Travis Lang,22
Anthony  Hudson,20
Earl Jackson,19
Steven Kross,18
