Name,Votes
Chase Oliver,1998
Josh Smith,1891
Robert Kennedy Jr,1867
Lars Mapstead,1519
Michael Rectenwald,1222
Michael Ter-Maat,1032
Donald Trump,920
Jacob Hornberger,833
Cornel West,518
Jill Stein,508
Ron Desantis,497
Marianne Williamson,466
Joseph Biden,354
Tom Ross,274
Nikki Haley,267
Dean Phillips,235
Claudia De La Cruz,175
Shiva Ayyadurai,165
Cenk Uygur,147
Andy Williams,144
Frank Lozada,93
Stephen Lyons,92
Jason Palmer,81
Gabriel Cornejo,62
Jorge Zavala,55
Ryan Binkley,39
Joseph Maldonado,36
Emanuel Pastreich,34
Michael Wood,24
Michael Bickelmeyer,17
Eric Boerner,15
Willie Carter,14
Angeline Payne,11
Jimmy Cooper,11
Hirsh Singh,11
Susan Resch,10
Travis Lang,10
Terrisa Bukovinac,9
Walter Clapp,8
Charles Camilleri,7
Wayne Pope Sr,5
Corey Stapleton,5
Susan Buchser-Lochocki,4
Timothy Villari,3
Rollan Roberts,3
Armando Perez-Serrato,1
Daniel Imperato,1
Steven Kross,1
Jim Norris,1
Jesus Torres,0
Christin Powers,0
Earl Jackson,0
