Name,Votes
Chase Oliver,"4,761"
Robert Kennedy Jr,"4,080"
Lars Mapstead,"3,658"
Josh Smith,"3,323"
Michael Rectenwald,"2,242"
Donald Trump,"1,917"
Jacob Hornberger,"1,790"
Michael Ter-Maat,"1,787"
Cornel West,"1,141"
Jill Stein,"1,047"
Ron Desantis,981
Andy Williams,920
Marianne Williamson,847
Joseph Biden,768
Nikki Haley,546
Claudia De La Cruz,535
Tom Ross,496
Frank Lozada,471
Dean Phillips,457
Shiva Ayyadurai,380
Cenk Uygur,257
Jason Palmer,190
Jorge Zavala,138
Gabriel Cornejo,123
Stephen Lyons,108
Terrisa Bukovinac,102
Ryan Binkley,95
Emanuel Pastreich,94
Joseph Maldonado,90
Michael Wood,66
Jimmy Cooper,46
Angeline Payne,44
Wayne Pope Sr,39
Willie Carter,34
Eric Boerner,26
Michael Bickelmeyer,26
Susan Resch,21
Hirsh Singh,20
Travis Lang,15
Armando Perez-Serrato,13
Charles Camilleri,13
Walter Clapp,13
Christin Powers,12
Steven Kross,11
Corey Stapleton,9
Timothy Villari,7
Rollan Roberts,7
Susan Buchser-Lochocki,6
Jim Norris,6
Jesus Torres,3
Daniel Imperato,1
Earl Jackson,0
