Name,Votes
Chase Oliver,1421
Josh Smith,1335
Lars Mapstead,1087
Robert Kennedy Jr,1000
Michael Rectenwald,821
Michael Ter-Maat,754
Jacob Hornberger,597
Donald Trump,550
Ron Desantis,296
Marianne Williamson,256
Cornel West,216
Jill Stein,202
Joseph Biden,196
Nikki Haley,185
Dean Phillips,129
Tom Ross,120
Shiva Ayyadurai,112
Stephen Lyons,77
Cenk Uygur,76
Claudia De La Cruz,53
Jason Palmer,39
Frank Lozada,34
Gabriel Cornejo,30
Joseph Maldonado,27
Ryan Binkley,25
Jorge Zavala,23
Emanuel Pastreich,15
Michael Bickelmeyer,11
Travis Lang,10
Eric Boerner,8
Charles Camilleri,7
Andy Williams,7
Walter Clapp,7
Terrisa Bukovinac,7
Michael Wood,7
Corey Stapleton,5
Hirsh Singh,5
Susan Resch,5
Angeline Payne,4
Willie Carter,3
Rollan Roberts,3
Susan Buchser-Lochocki,2
Wayne Pope Sr,2
Timothy Villari,2
Armando Perez-Serrato,1
Daniel Imperato,1
Steven Kross,1
Jim Norris,1
Jimmy Cooper,0
Jesus Torres,0
Christin Powers,0
Earl Jackson,0
