Name,Votes
Chase Oliver,"7,964"
Robert Kennedy Jr,"6,227"
Jill Stein,"6,098"
Lars Mapstead,"6,077"
Josh Smith,"4,621"
Cornel West,"3,977"
Michael Rectenwald,"3,446"
Michael Ter-Maat,"3,287"
Donald Trump,"2,824"
Jacob Hornberger,"2,799"
Marianne Williamson,"1,961"
Claudia De La Cruz,"1,946"
Joseph Biden,"1,484"
Andy Williams,"1,186"
Nikki Haley,"1,168"
Cenk Uygur,851
Dean Phillips,771
Tom Ross,757
Shiva Ayyadurai,651
Frank Lozada,536
Jorge Zavala,510
Emanuel Pastreich,367
Jason Palmer,259
Terrisa Bukovinac,188
Ryan Binkley,169
Gabriel Cornejo,158
Michael Wood,145
Joseph Maldonado,132
Jimmy Cooper,113
Stephen Lyons,108
Angeline Payne,71
Willie Carter,70
Wayne Pope Sr,61
Hirsh Singh,52
Michael Bickelmeyer,42
Walter Clapp,37
Eric Boerner,35
Susan Resch,35
Corey Stapleton,24
Armando Perez-Serrato,21
Jim Norris,18
Timothy Villari,17
Susan Buchser-Lochocki,17
Charles Camilleri,17
Christin Powers,17
Travis Lang,15
Rollan Roberts,14
Steven Kross,11
Daniel Imperato,8
Jesus Torres,7
Jasmine Sherman,6
Suzzanna  Tanner,0
Charles Ballay,0
Brittany  Jones,0
Andre  Nero,0
Joseph Foreman,0
Sorinne Ardeleanu,0
Alander  Pulliam,0
Doug Jenkins,0
Robby Wells,0
Robert  Cooke,0
Anthony  Hudson,0
Vermin  Supreme,0
Tony Jones,0
Ian Netupsky,0
Peter Sonski,0
Earl Jackson,0
