Name,Votes
Chase Oliver,"6,692"
Robert Kennedy Jr,"5,632"
Jill Stein,"5,348"
Lars Mapstead,"5,015"
Josh Smith,"4,048"
Cornel West,"3,510"
Michael Rectenwald,"2,943"
Donald Trump,"2,554"
Jacob Hornberger,"2,363"
Michael Ter-Maat,"2,283"
Marianne Williamson,"1,748"
Claudia De La Cruz,"1,709"
Joseph Biden,"1,305"
Ron Desantis,"1,147"
Andy Williams,"1,125"
Nikki Haley,958
Cenk Uygur,712
Tom Ross,694
Dean Phillips,668
Shiva Ayyadurai,596
Frank Lozada,513
Jorge Zavala,465
Emanuel Pastreich,340
Jason Palmer,236
Terrisa Bukovinac,171
Gabriel Cornejo,152
Ryan Binkley,144
Joseph Maldonado,123
Michael Wood,116
Stephen Lyons,108
Jimmy Cooper,92
Willie Carter,66
Angeline Payne,66
Wayne Pope Sr,53
Michael Bickelmeyer,39
Hirsh Singh,38
Walter Clapp,33
Eric Boerner,33
Susan Resch,31
Armando Perez-Serrato,21
Jim Norris,17
Christin Powers,17
Charles Camilleri,16
Corey Stapleton,15
Timothy Villari,15
Travis Lang,15
Rollan Roberts,14
Susan Buchser-Lochocki,14
Steven Kross,11
Jesus Torres,7
Daniel Imperato,2
Earl Jackson,0
