Name,Votes
Claudia De La Cruz,"105,616"
Cornel West,"29,271"
Jill Stein,"20,445"
Peter Sonski,"15,059"
Jasmine Sherman,"13,907"
Robert Kennedy Jr,"12,487"
Chase Oliver,"12,462"
Lars Mapstead,"11,423"
Marianne Williamson,"8,529"
Josh Smith,"7,616"
Michael Ter-Maat,"6,570"
Cenk Uygur,"5,895"
Joseph Biden,"5,729"
Donald Trump,"5,726"
Michael Rectenwald,"5,652"
Jacob Hornberger,"4,653"
Nikki Haley,"4,259"
Charles Ballay,"3,050"
Joseph Afroman Foreman,"2,561"
Dean Phillips,"2,413"
Alan Collinge,"2,233"
Brittany  Jones,"2,168"
Andy Williams,"2,098"
Terrisa Bukovinac,"2,012"
Vermin  Supreme,"1,940"
Jorge Zavala,"1,629"
Shiva Ayyadurai,"1,613"
Tom Ross,"1,246"
Gabriel Cornejo,"1,093"
Sorinne Ardeleanu,984
Emanuel Pastreich,963
Frank Lozada,903
Jason Palmer,542
Willie Carter,507
Ryan Binkley,491
Joseph Maldonado,462
Robert  Cooke,410
Jimmy Cooper,397
Michael Wood,383
Armando Perez-Serrato,305
Angeline Payne,272
Wayne Pope Sr,245
Christin Powers,201
Doug Jenkins,184
Stephen Lyons,133
Tony Jones,128
Eric Boerner,117
Suzzanna  Tanner,114
Hirsh Singh,114
Walter Clapp,112
Susan Buchser-Lochocki,104
Jesus Torres,101
Susan Resch,96
Alander  Pulliam,94
Michael Bickelmeyer,92
Robby Wells,92
Charles Camilleri,91
Andre  Nero,69
Corey Stapleton,67
Timothy Villari,63
Jim Norris,57
Rollan Roberts,56
Daniel Imperato,52
Ian Netupsky,50
Anthony  Hudson,47
Adam Nicholas Paul,45
Travis Lang,43
Earl Jackson,38
Steven Kross,31
