Name,Votes
Claudia De La Cruz,"15,064"
Chase Oliver,"9,831"
Jill Stein,"9,208"
Cornel West,"9,170"
Robert Kennedy Jr,"8,364"
Lars Mapstead,"8,138"
Peter Sonski,"7,210"
Josh Smith,"6,629"
Michael Ter-Maat,"5,927"
Michael Rectenwald,"4,337"
Donald Trump,"4,218"
Jacob Hornberger,"3,589"
Marianne Williamson,"3,323"
Nikki Haley,"2,889"
Joseph Biden,"2,577"
Charles Ballay,"1,958"
Cenk Uygur,"1,811"
Dean Phillips,"1,400"
Andy Williams,"1,370"
Terrisa Bukovinac,"1,003"
Tom Ross,916
Shiva Ayyadurai,851
Jorge Zavala,727
Vermin  Supreme,689
Jasmine Sherman,626
Frank Lozada,589
Emanuel Pastreich,518
Ryan Binkley,347
Michael Wood,338
Jason Palmer,328
Joseph Foreman,286
Gabriel Cornejo,281
Sorinne Ardeleanu,244
Joseph Maldonado,239
Brittany  Jones,155
Jimmy Cooper,152
Angeline Payne,125
Willie Carter,117
Stephen Lyons,115
Robert  Cooke,102
Walter Clapp,87
Wayne Pope Sr,86
Hirsh Singh,78
Tony Jones,70
Eric Boerner,65
Michael Bickelmeyer,64
Christin Powers,57
Susan Resch,55
Jesus Torres,52
Corey Stapleton,52
Doug Jenkins,50
Susan Buchser-Lochocki,45
Armando Perez-Serrato,44
Timothy Villari,41
Robby Wells,40
Jim Norris,35
Rollan Roberts,34
Daniel Imperato,31
Ian Netupsky,22
Suzzanna  Tanner,22
Charles Camilleri,22
Travis Lang,20
Alander  Pulliam,18
Steven Kross,16
Andre  Nero,11
Anthony  Hudson,11
Earl Jackson,10
