Name,Votes
Claudia De La Cruz,"13,151"
Chase Oliver,"9,735"
Jill Stein,"8,928"
Cornel West,"8,594"
Robert Kennedy Jr,"8,209"
Lars Mapstead,"8,110"
Peter Sonski,"7,151"
Josh Smith,"6,573"
Michael Ter-Maat,"5,897"
Michael Rectenwald,"4,314"
Donald Trump,"4,180"
Jacob Hornberger,"3,572"
Marianne Williamson,"3,201"
Nikki Haley,"2,844"
Joseph Biden,"2,505"
Charles Ballay,"1,939"
Cenk Uygur,"1,684"
Dean Phillips,"1,370"
Andy Williams,"1,353"
Terrisa Bukovinac,"1,001"
Tom Ross,859
Shiva Ayyadurai,835
Jorge Zavala,700
Vermin  Supreme,632
Frank Lozada,586
Jasmine Sherman,514
Emanuel Pastreich,496
Ryan Binkley,343
Michael Wood,338
Jason Palmer,323
Gabriel Cornejo,266
Joseph Foreman,256
Joseph Maldonado,233
Sorinne Ardeleanu,221
Jimmy Cooper,147
Brittany  Jones,139
Angeline Payne,125
Stephen Lyons,115
Willie Carter,114
Wayne Pope Sr,86
Walter Clapp,83
Robert  Cooke,78
Hirsh Singh,78
Eric Boerner,65
Michael Bickelmeyer,64
Tony Jones,63
Susan Resch,55
Christin Powers,53
Jesus Torres,52
Corey Stapleton,52
Doug Jenkins,50
Susan Buchser-Lochocki,45
Timothy Villari,41
Armando Perez-Serrato,39
Robby Wells,38
Jim Norris,35
Rollan Roberts,34
Daniel Imperato,31
Suzzanna  Tanner,22
Charles Camilleri,22
Travis Lang,20
Ian Netupsky,20
Alander  Pulliam,18
Steven Kross,16
Anthony  Hudson,11
Andre  Nero,10
Earl Jackson,10
