Name,Votes
Chase Oliver,"8,401"
Robert Kennedy Jr,"6,494"
Lars Mapstead,"6,343"
Jill Stein,"6,329"
Josh Smith,"4,720"
Cornel West,"4,410"
Michael Rectenwald,"3,544"
Michael Ter-Maat,"3,455"
Donald Trump,"3,032"
Jacob Hornberger,"2,908"
Marianne Williamson,"2,051"
Claudia De La Cruz,"2,029"
Joseph Biden,"1,622"
Nikki Haley,"1,463"
Peter Sonski,"1,253"
Andy Williams,"1,208"
Cenk Uygur,914
Charles Ballay,835
Dean Phillips,823
Tom Ross,777
Shiva Ayyadurai,668
Frank Lozada,548
Jorge Zavala,525
Terrisa Bukovinac,392
Emanuel Pastreich,386
Jason Palmer,265
Ryan Binkley,198
Michael Wood,185
Gabriel Cornejo,158
Joseph Maldonado,137
Jimmy Cooper,113
Stephen Lyons,108
Vermin  Supreme,90
Angeline Payne,82
Willie Carter,78
Wayne Pope Sr,67
Hirsh Singh,52
Michael Bickelmeyer,47
Eric Boerner,43
Walter Clapp,43
Susan Resch,38
Corey Stapleton,33
Rollan Roberts,27
Sorinne Ardeleanu,21
Timothy Villari,21
Armando Perez-Serrato,21
Jim Norris,20
Susan Buchser-Lochocki,17
Charles Camilleri,17
Christin Powers,17
Jasmine Sherman,15
Travis Lang,15
Tony Jones,14
Jesus Torres,12
Alander  Pulliam,11
Steven Kross,11
Brittany  Jones,9
Robby Wells,8
Daniel Imperato,8
Robert  Cooke,7
Anthony  Hudson,6
Ian Netupsky,5
Earl Jackson,4
Joseph Foreman,4
Andre  Nero,1
Suzzanna  Tanner,0
Doug Jenkins,0
