Name,Votes
Chase Oliver,"3,578"
Robert Kennedy Jr,"3,197"
Josh Smith,"2,977"
Lars Mapstead,"2,537"
Michael Rectenwald,"1,985"
Donald Trump,"1,537"
Michael Ter-Maat,"1,501"
Jacob Hornberger,"1,439"
Cornel West,875
Ron Desantis,828
Jill Stein,771
Andy Williams,675
Marianne Williamson,669
Joseph Biden,632
Tom Ross,412
Nikki Haley,401
Frank Lozada,395
Dean Phillips,378
Claudia De La Cruz,371
Shiva Ayyadurai,293
Cenk Uygur,208
Jason Palmer,141
Gabriel Cornejo,113
Stephen Lyons,104
Jorge Zavala,96
Ryan Binkley,76
Joseph Maldonado,68
Emanuel Pastreich,64
Terrisa Bukovinac,49
Michael Wood,40
Jimmy Cooper,35
Willie Carter,31
Angeline Payne,29
Michael Bickelmeyer,25
Wayne Pope Sr,23
Eric Boerner,19
Susan Resch,18
Hirsh Singh,14
Walter Clapp,13
Steven Kross,11
Travis Lang,11
Armando Perez-Serrato,10
Charles Camilleri,10
Corey Stapleton,9
Rollan Roberts,7
Christin Powers,7
Susan Buchser-Lochocki,4
Timothy Villari,3
Jim Norris,2
Daniel Imperato,1
Jesus Torres,0
Earl Jackson,0
