Name,Votes
Chase Oliver,"6,760"
Robert Kennedy Jr,"5,695"
Jill Stein,"5,437"
Lars Mapstead,"5,151"
Josh Smith,"4,070"
Cornel West,"3,564"
Michael Rectenwald,"2,963"
Michael Ter-Maat,"2,933"
Donald Trump,"2,566"
Jacob Hornberger,"2,396"
Marianne Williamson,"1,777"
Claudia De La Cruz,"1,753"
Joseph Biden,"1,328"
Ron Desantis,"1,152"
Andy Williams,"1,126"
Nikki Haley,981
Cenk Uygur,726
Tom Ross,698
Dean Phillips,676
Shiva Ayyadurai,601
Frank Lozada,513
Jorge Zavala,468
Emanuel Pastreich,342
Jason Palmer,236
Terrisa Bukovinac,171
Gabriel Cornejo,157
Ryan Binkley,149
Joseph Maldonado,127
Michael Wood,122
Stephen Lyons,108
Jimmy Cooper,93
Angeline Payne,70
Willie Carter,66
Wayne Pope Sr,56
Hirsh Singh,41
Michael Bickelmeyer,39
Walter Clapp,33
Eric Boerner,33
Susan Resch,31
Armando Perez-Serrato,21
Jim Norris,17
Christin Powers,17
Charles Camilleri,16
Corey Stapleton,15
Timothy Villari,15
Travis Lang,15
Rollan Roberts,14
Susan Buchser-Lochocki,14
Steven Kross,11
Jesus Torres,7
Daniel Imperato,2
Earl Jackson,0
