Name,Votes
Claudia De La Cruz,"105,297"
Cornel West,"29,116"
Jill Stein,"20,327"
Peter Sonski,"14,972"
Jasmine Sherman,"13,651"
Robert Kennedy Jr,"12,302"
Chase Oliver,"12,187"
Lars Mapstead,"10,996"
Marianne Williamson,"8,505"
Josh Smith,"7,549"
Michael Ter-Maat,"6,502"
Cenk Uygur,"5,876"
Donald Trump,"5,646"
Joseph Biden,"5,615"
Michael Rectenwald,"5,580"
Jacob Hornberger,"4,522"
Nikki Haley,"4,172"
Charles Ballay,"2,913"
Joseph Afroman Foreman,"2,504"
Dean Phillips,"2,370"
Alan Collinge,"2,140"
Brittany  Jones,"2,089"
Andy Williams,"2,088"
Terrisa Bukovinac,"1,999"
Vermin  Supreme,"1,902"
Jorge Zavala,"1,615"
Shiva Ayyadurai,"1,596"
Tom Ross,"1,224"
Gabriel Cornejo,"1,055"
Sorinne Ardeleanu,959
Emanuel Pastreich,951
Frank Lozada,903
Jason Palmer,530
Willie Carter,498
Ryan Binkley,475
Joseph Maldonado,453
Robert  Cooke,404
Jimmy Cooper,392
Michael Wood,383
Armando Perez-Serrato,302
Angeline Payne,263
Wayne Pope Sr,243
Christin Powers,201
Doug Jenkins,179
Stephen Lyons,132
Tony Jones,126
Hirsh Singh,111
Walter Clapp,107
Eric Boerner,105
Suzzanna  Tanner,102
Jesus Torres,100
Susan Buchser-Lochocki,98
Robby Wells,92
Charles Camilleri,91
Susan Resch,89
Alander  Pulliam,88
Michael Bickelmeyer,83
Andre  Nero,66
Corey Stapleton,65
Timothy Villari,63
Jim Norris,57
Rollan Roberts,52
Daniel Imperato,50
Ian Netupsky,48
Anthony  Hudson,47
Adam Nicholas Paul,40
Travis Lang,38
Earl Jackson,37
Steven Kross,27
