Name,Votes
Chase Oliver,"8,840"
Robert Kennedy Jr,"7,081"
Lars Mapstead,"6,981"
Jill Stein,"6,669"
Cornel West,"4,904"
Josh Smith,"4,869"
Peter Sonski,"4,445"
Michael Ter-Maat,"4,314"
Michael Rectenwald,"3,691"
Donald Trump,"3,321"
Jacob Hornberger,"3,169"
Marianne Williamson,"2,179"
Claudia De La Cruz,"2,132"
Nikki Haley,"2,086"
Joseph Biden,"1,967"
Charles Ballay,"1,243"
Andy Williams,"1,235"
Dean Phillips,"1,040"
Cenk Uygur,979
Tom Ross,787
Shiva Ayyadurai,696
Terrisa Bukovinac,625
Frank Lozada,562
Jorge Zavala,534
Emanuel Pastreich,399
Jason Palmer,271
Ryan Binkley,268
Michael Wood,229
Vermin  Supreme,186
Gabriel Cornejo,165
Joseph Maldonado,158
Jimmy Cooper,118
Stephen Lyons,111
Angeline Payne,99
Willie Carter,97
Sorinne Ardeleanu,75
Wayne Pope Sr,67
Hirsh Singh,58
Eric Boerner,57
Michael Bickelmeyer,56
Walter Clapp,55
Susan Resch,44
Corey Stapleton,41
Tony Jones,36
Christin Powers,35
Jasmine Sherman,33
Rollan Roberts,32
Robby Wells,28
Jim Norris,26
Doug Jenkins,24
Jesus Torres,23
Timothy Villari,22
Armando Perez-Serrato,22
Joseph Foreman,20
Travis Lang,19
Susan Buchser-Lochocki,19
Brittany  Jones,17
Charles Camilleri,17
Alander  Pulliam,14
Daniel Imperato,14
Robert  Cooke,11
Ian Netupsky,11
Steven Kross,11
Anthony  Hudson,9
Earl Jackson,5
Andre  Nero,1
Suzzanna  Tanner,0
