Name,Votes
Claudia De La Cruz,"104,100"
Cornel West,"28,472"
Jill Stein,"19,700"
Peter Sonski,"14,683"
Jasmine Sherman,"12,656"
Robert Kennedy Jr,"11,727"
Chase Oliver,"11,581"
Lars Mapstead,"10,442"
Marianne Williamson,"8,184"
Josh Smith,"7,366"
Michael Ter-Maat,"6,357"
Cenk Uygur,"5,753"
Michael Rectenwald,"5,414"
Donald Trump,"5,388"
Joseph Biden,"5,180"
Jacob Hornberger,"4,303"
Nikki Haley,"3,889"
Charles Ballay,"2,645"
Dean Phillips,"2,263"
Joseph Afroman Foreman,"2,235"
Andy Williams,"2,059"
Terrisa Bukovinac,"1,918"
Brittany  Jones,"1,855"
Vermin  Supreme,"1,783"
Shiva Ayyadurai,"1,581"
Jorge Zavala,"1,568"
Alan Collinge,"1,471"
Tom Ross,"1,207"
Gabriel Cornejo,"1,021"
Emanuel Pastreich,917
Sorinne Ardeleanu,902
Frank Lozada,878
Jason Palmer,524
Ryan Binkley,441
Joseph Maldonado,439
Willie Carter,430
Robert  Cooke,390
Michael Wood,377
Jimmy Cooper,366
Armando Perez-Serrato,290
Angeline Payne,244
Wayne Pope Sr,224
Christin Powers,194
Doug Jenkins,159
Stephen Lyons,129
Tony Jones,126
Hirsh Singh,107
Walter Clapp,107
Suzzanna  Tanner,99
Eric Boerner,95
Jesus Torres,91
Michael Bickelmeyer,81
Charles Camilleri,80
Alander  Pulliam,77
Susan Resch,77
Susan Buchser-Lochocki,76
Robby Wells,75
Andre  Nero,66
Corey Stapleton,65
Timothy Villari,61
Jim Norris,54
Rollan Roberts,43
Ian Netupsky,42
Daniel Imperato,41
Anthony  Hudson,40
Earl Jackson,30
Travis Lang,27
Steven Kross,25
Adam Nicholas Paul,18
