Name,Votes
Claudia De La Cruz,"103,910"
Cornel West,"28,300"
Jill Stein,"19,537"
Peter Sonski,"14,675"
Jasmine Sherman,"12,458"
Robert Kennedy Jr,"11,487"
Chase Oliver,"11,401"
Lars Mapstead,"10,384"
Marianne Williamson,"8,129"
Josh Smith,"7,345"
Michael Ter-Maat,"6,327"
Cenk Uygur,"5,711"
Michael Rectenwald,"5,377"
Donald Trump,"5,291"
Joseph Biden,"5,093"
Jacob Hornberger,"4,252"
Nikki Haley,"3,844"
Charles Ballay,"2,623"
Dean Phillips,"2,243"
Joseph Afroman Foreman,"2,199"
Andy Williams,"2,049"
Terrisa Bukovinac,"1,906"
Vermin  Supreme,"1,740"
Brittany  Jones,"1,669"
Shiva Ayyadurai,"1,571"
Jorge Zavala,"1,557"
Alan Collinge,"1,356"
Tom Ross,"1,197"
Gabriel Cornejo,"1,005"
Emanuel Pastreich,912
Sorinne Ardeleanu,890
Frank Lozada,866
Jason Palmer,524
Ryan Binkley,436
Joseph Maldonado,426
Willie Carter,424
Robert  Cooke,390
Michael Wood,377
Jimmy Cooper,361
Armando Perez-Serrato,290
Angeline Payne,242
Wayne Pope Sr,222
Christin Powers,194
Doug Jenkins,159
Stephen Lyons,129
Tony Jones,126
Walter Clapp,107
Hirsh Singh,103
Eric Boerner,95
Suzzanna  Tanner,93
Jesus Torres,86
Michael Bickelmeyer,81
Charles Camilleri,80
Alander  Pulliam,77
Susan Resch,77
Susan Buchser-Lochocki,76
Robby Wells,75
Corey Stapleton,65
Andre  Nero,65
Timothy Villari,61
Jim Norris,54
Rollan Roberts,43
Ian Netupsky,42
Daniel Imperato,41
Anthony  Hudson,40
Earl Jackson,30
Travis Lang,27
Steven Kross,25
Adam Nicholas Paul,17
