Name,Votes
Chase Oliver,"4,223"
Robert Kennedy Jr,"3,529"
Lars Mapstead,"3,147"
Josh Smith,"3,109"
Michael Rectenwald,"2,107"
Donald Trump,"1,687"
Michael Ter-Maat,"1,630"
Jacob Hornberger,"1,590"
Cornel West,924
Ron Desantis,907
Jill Stein,841
Andy Williams,745
Marianne Williamson,718
Joseph Biden,690
Nikki Haley,484
Frank Lozada,453
Tom Ross,442
Claudia De La Cruz,421
Dean Phillips,415
Shiva Ayyadurai,331
Cenk Uygur,224
Jason Palmer,154
Gabriel Cornejo,122
Jorge Zavala,108
Stephen Lyons,108
Ryan Binkley,88
Joseph Maldonado,79
Emanuel Pastreich,71
Terrisa Bukovinac,55
Michael Wood,40
Jimmy Cooper,39
Angeline Payne,37
Willie Carter,32
Wayne Pope Sr,29
Eric Boerner,26
Michael Bickelmeyer,26
Susan Resch,18
Travis Lang,15
Hirsh Singh,14
Walter Clapp,13
Charles Camilleri,12
Steven Kross,11
Armando Perez-Serrato,10
Corey Stapleton,9
Rollan Roberts,7
Christin Powers,7
Jim Norris,6
Susan Buchser-Lochocki,4
Timothy Villari,3
Daniel Imperato,1
Jesus Torres,0
Earl Jackson,0
