Name,Votes
Chase Oliver,"4,372"
Robert Kennedy Jr,"3,719"
Lars Mapstead,"3,349"
Josh Smith,"3,239"
Michael Rectenwald,"2,175"
Donald Trump,"1,784"
Michael Ter-Maat,"1,694"
Jacob Hornberger,"1,661"
Cornel West,999
Jill Stein,934
Ron Desantis,930
Andy Williams,804
Marianne Williamson,754
Joseph Biden,708
Nikki Haley,501
Claudia De La Cruz,476
Frank Lozada,465
Tom Ross,459
Dean Phillips,422
Shiva Ayyadurai,358
Cenk Uygur,237
Jason Palmer,160
Gabriel Cornejo,122
Jorge Zavala,117
Stephen Lyons,108
Ryan Binkley,88
Joseph Maldonado,80
Emanuel Pastreich,73
Terrisa Bukovinac,60
Michael Wood,49
Jimmy Cooper,42
Angeline Payne,39
Willie Carter,32
Wayne Pope Sr,31
Eric Boerner,26
Michael Bickelmeyer,26
Hirsh Singh,20
Susan Resch,19
Travis Lang,15
Walter Clapp,13
Charles Camilleri,12
Steven Kross,11
Armando Perez-Serrato,10
Corey Stapleton,9
Rollan Roberts,7
Christin Powers,7
Susan Buchser-Lochocki,6
Jim Norris,6
Jesus Torres,3
Timothy Villari,3
Daniel Imperato,1
Earl Jackson,0
