Name,Votes
Claudia De La Cruz,"98,911"
Cornel West,"24,655"
Jill Stein,"15,985"
Peter Sonski,"14,535"
Chase Oliver,"10,495"
Robert Kennedy Jr,"10,455"
Lars Mapstead,"9,176"
Jasmine Sherman,"7,351"
Josh Smith,"6,995"
Marianne Williamson,"6,921"
Michael Ter-Maat,"6,144"
Michael Rectenwald,"5,127"
Donald Trump,"4,826"
Cenk Uygur,"4,766"
Joseph Biden,"4,287"
Jacob Hornberger,"3,995"
Nikki Haley,"3,461"
Charles Ballay,"2,421"
Dean Phillips,"1,937"
Andy Williams,"1,892"
Terrisa Bukovinac,"1,761"
Joseph Foreman,"1,642"
Vermin  Supreme,"1,437"
Shiva Ayyadurai,"1,358"
Jorge Zavala,"1,331"
Brittany  Jones,"1,189"
Tom Ross,"1,140"
Gabriel Cornejo,816
Emanuel Pastreich,798
Frank Lozada,751
Sorinne Ardeleanu,718
Jason Palmer,457
Ryan Binkley,389
Joseph Maldonado,382
Michael Wood,371
Willie Carter,347
Robert  Cooke,322
Jimmy Cooper,294
Armando Perez-Serrato,251
Angeline Payne,188
Christin Powers,164
Wayne Pope Sr,159
Doug Jenkins,139
Stephen Lyons,125
Tony Jones,116
Walter Clapp,104
Hirsh Singh,86
Eric Boerner,77
Susan Resch,71
Suzzanna  Tanner,69
Susan Buchser-Lochocki,67
Michael Bickelmeyer,64
Jesus Torres,62
Corey Stapleton,55
Timothy Villari,54
Charles Camilleri,53
Robby Wells,52
Andre  Nero,46
Alander  Pulliam,46
Jim Norris,43
Rollan Roberts,39
Daniel Imperato,37
Anthony  Hudson,32
Ian Netupsky,32
Travis Lang,26
Steven Kross,23
Earl Jackson,21
