Name,Votes
Chase Oliver,"5,107"
Robert Kennedy Jr,"4,721"
Lars Mapstead,"4,025"
Jill Stein,"3,840"
Josh Smith,"3,439"
Cornel West,"2,618"
Michael Rectenwald,"2,405"
Donald Trump,"2,150"
Michael Ter-Maat,"1,977"
Jacob Hornberger,"1,904"
Marianne Williamson,"1,406"
Claudia De La Cruz,"1,320"
Joseph Biden,"1,103"
Ron Desantis,"1,039"
Andy Williams,"1,032"
Nikki Haley,729
Tom Ross,605
Dean Phillips,574
Cenk Uygur,530
Frank Lozada,474
Shiva Ayyadurai,450
Jorge Zavala,358
Emanuel Pastreich,251
Jason Palmer,223
Terrisa Bukovinac,155
Gabriel Cornejo,133
Ryan Binkley,115
Stephen Lyons,108
Joseph Maldonado,102
Michael Wood,93
Jimmy Cooper,59
Angeline Payne,51
Willie Carter,46
Wayne Pope Sr,42
Susan Resch,31
Michael Bickelmeyer,30
Hirsh Singh,27
Eric Boerner,26
Charles Camilleri,16
Christin Powers,15
Walter Clapp,15
Travis Lang,15
Armando Perez-Serrato,13
Timothy Villari,12
Steven Kross,11
Susan Buchser-Lochocki,10
Corey Stapleton,9
Rollan Roberts,7
Jim Norris,6
Jesus Torres,3
Daniel Imperato,1
Earl Jackson,0
