Name,Votes
Robert Kennedy Jr,"2,976"
Chase Oliver,"2,969"
Josh Smith,"2,833"
Lars Mapstead,"2,361"
Michael Rectenwald,"1,856"
Donald Trump,"1,423"
Michael Ter-Maat,"1,374"
Jacob Hornberger,"1,309"
Cornel West,789
Ron Desantis,743
Jill Stein,668
Marianne Williamson,624
Andy Williams,587
Joseph Biden,573
Tom Ross,393
Nikki Haley,353
Frank Lozada,348
Dean Phillips,341
Claudia De La Cruz,330
Shiva Ayyadurai,274
Cenk Uygur,201
Jason Palmer,125
Gabriel Cornejo,113
Stephen Lyons,104
Jorge Zavala,78
Ryan Binkley,70
Joseph Maldonado,61
Emanuel Pastreich,58
Michael Wood,36
Jimmy Cooper,34
Willie Carter,31
Terrisa Bukovinac,30
Angeline Payne,25
Wayne Pope Sr,23
Michael Bickelmeyer,20
Susan Resch,15
Eric Boerner,15
Walter Clapp,13
Steven Kross,11
Travis Lang,11
Hirsh Singh,11
Charles Camilleri,10
Corey Stapleton,9
Christin Powers,7
Armando Perez-Serrato,5
Susan Buchser-Lochocki,4
Timothy Villari,3
Rollan Roberts,3
Jim Norris,2
Daniel Imperato,1
Jesus Torres,0
Earl Jackson,0
