Name,Votes
Robert Kennedy Jr,2541
Chase Oliver,2400
Josh Smith,2235
Lars Mapstead,2056
Michael Rectenwald,1507
Michael Ter-Maat,1199
Donald Trump,1173
Jacob Hornberger,1037
Cornel West,654
Ron Desantis,637
Jill Stein,601
Marianne Williamson,541
Joseph Biden,490
Tom Ross,362
Nikki Haley,333
Andy Williams,301
Dean Phillips,289
Claudia De La Cruz,279
Shiva Ayyadurai,232
Frank Lozada,192
Cenk Uygur,171
Stephen Lyons,104
Jason Palmer,102
Gabriel Cornejo,91
Jorge Zavala,70
Ryan Binkley,49
Emanuel Pastreich,48
Joseph Maldonado,42
Michael Wood,31
Jimmy Cooper,21
Willie Carter,21
Michael Bickelmeyer,20
Susan Resch,15
Eric Boerner,15
Angeline Payne,14
Walter Clapp,12
Hirsh Singh,11
Terrisa Bukovinac,10
Travis Lang,10
Wayne Pope Sr,9
Charles Camilleri,7
Steven Kross,6
Corey Stapleton,5
Susan Buchser-Lochocki,4
Timothy Villari,3
Rollan Roberts,3
Armando Perez-Serrato,1
Daniel Imperato,1
Jim Norris,1
Jesus Torres,0
Christin Powers,0
Earl Jackson,0
