Name,Votes
Claudia De La Cruz,"105,832"
Cornel West,"29,368"
Jill Stein,"20,535"
Peter Sonski,"15,091"
Jasmine Sherman,"14,010"
Chase Oliver,"12,737"
Robert Kennedy Jr,"12,602"
Lars Mapstead,"11,815"
Marianne Williamson,"8,586"
Josh Smith,"7,646"
Michael Ter-Maat,"6,596"
Cenk Uygur,"5,907"
Joseph Biden,"5,815"
Donald Trump,"5,787"
Michael Rectenwald,"5,708"
Jacob Hornberger,"4,754"
Nikki Haley,"4,296"
Charles Ballay,"3,116"
Joseph Afroman Foreman,"2,585"
Dean Phillips,"2,438"
Alan Collinge,"2,312"
Brittany  Jones,"2,185"
Andy Williams,"2,108"
Terrisa Bukovinac,"2,035"
Vermin  Supreme,"1,970"
Jorge Zavala,"1,646"
Shiva Ayyadurai,"1,619"
Tom Ross,"1,246"
Gabriel Cornejo,"1,099"
Sorinne Ardeleanu,"1,004"
Emanuel Pastreich,972
Frank Lozada,906
Jason Palmer,542
Willie Carter,518
Ryan Binkley,505
Joseph Maldonado,464
Robert  Cooke,414
Jimmy Cooper,398
Michael Wood,384
Armando Perez-Serrato,310
Angeline Payne,272
Wayne Pope Sr,245
Christin Powers,201
Doug Jenkins,196
Tony Jones,133
Stephen Lyons,133
Eric Boerner,125
Susan Buchser-Lochocki,115
Walter Clapp,114
Suzzanna  Tanner,114
Hirsh Singh,114
Michael Bickelmeyer,103
Jesus Torres,101
Charles Camilleri,100
Susan Resch,96
Alander  Pulliam,94
Robby Wells,92
Andre  Nero,72
Corey Stapleton,67
Timothy Villari,63
Daniel Imperato,58
Jim Norris,57
Earl Jackson,56
Rollan Roberts,56
Travis Lang,53
Ian Netupsky,50
Anthony  Hudson,47
Steven Kross,45
Adam Nicholas Paul,45
