Name,Votes
Claudia De La Cruz,"103,814"
Cornel West,"28,242"
Jill Stein,"19,462"
Peter Sonski,"14,669"
Jasmine Sherman,"12,406"
Robert Kennedy Jr,"11,381"
Chase Oliver,"11,308"
Lars Mapstead,"10,323"
Marianne Williamson,"8,083"
Josh Smith,"7,327"
Michael Ter-Maat,"6,306"
Cenk Uygur,"5,699"
Michael Rectenwald,"5,346"
Donald Trump,"5,239"
Joseph Biden,"5,048"
Jacob Hornberger,"4,211"
Nikki Haley,"3,830"
Charles Ballay,"2,604"
Dean Phillips,"2,216"
Joseph Afroman Foreman,"2,179"
Andy Williams,"2,044"
Terrisa Bukovinac,"1,906"
Vermin  Supreme,"1,693"
Brittany  Jones,"1,658"
Shiva Ayyadurai,"1,562"
Jorge Zavala,"1,550"
Alan Collinge,"1,296"
Tom Ross,"1,193"
Gabriel Cornejo,"1,000"
Emanuel Pastreich,910
Sorinne Ardeleanu,885
Frank Lozada,862
Jason Palmer,521
Ryan Binkley,435
Willie Carter,424
Joseph Maldonado,418
Robert  Cooke,390
Michael Wood,377
Jimmy Cooper,357
Armando Perez-Serrato,289
Angeline Payne,240
Wayne Pope Sr,220
Christin Powers,194
Doug Jenkins,159
Stephen Lyons,129
Tony Jones,126
Walter Clapp,107
Hirsh Singh,102
Eric Boerner,95
Suzzanna  Tanner,93
Jesus Torres,81
Michael Bickelmeyer,81
Charles Camilleri,80
Susan Resch,77
Susan Buchser-Lochocki,76
Robby Wells,75
Alander  Pulliam,71
Andre  Nero,65
Corey Stapleton,63
Timothy Villari,58
Jim Norris,50
Rollan Roberts,43
Ian Netupsky,42
Daniel Imperato,41
Anthony  Hudson,40
Earl Jackson,27
Travis Lang,27
Steven Kross,25
Adam Nicholas Paul,17
