Name,Votes
Chase Oliver,"8,329"
Robert Kennedy Jr,"6,406"
Lars Mapstead,"6,306"
Jill Stein,"6,267"
Josh Smith,"4,703"
Cornel West,"4,277"
Michael Rectenwald,"3,518"
Michael Ter-Maat,"3,438"
Donald Trump,"2,992"
Jacob Hornberger,"2,878"
Marianne Williamson,"2,010"
Claudia De La Cruz,"1,996"
Joseph Biden,"1,566"
Nikki Haley,"1,331"
Andy Williams,"1,203"
Cenk Uygur,893
Dean Phillips,787
Tom Ross,768
Charles Ballay,733
Peter Sonski,709
Shiva Ayyadurai,663
Frank Lozada,548
Jorge Zavala,525
Emanuel Pastreich,383
Terrisa Bukovinac,330
Jason Palmer,259
Ryan Binkley,193
Michael Wood,167
Gabriel Cornejo,158
Joseph Maldonado,137
Jimmy Cooper,113
Stephen Lyons,108
Angeline Payne,82
Willie Carter,78
Wayne Pope Sr,67
Vermin  Supreme,56
Hirsh Singh,52
Michael Bickelmeyer,45
Walter Clapp,40
Eric Boerner,38
Susan Resch,38
Corey Stapleton,33
Rollan Roberts,27
Timothy Villari,21
Armando Perez-Serrato,21
Jim Norris,20
Sorinne Ardeleanu,19
Susan Buchser-Lochocki,17
Charles Camilleri,17
Christin Powers,17
Jasmine Sherman,15
Travis Lang,15
Jesus Torres,12
Steven Kross,11
Brittany  Jones,9
Daniel Imperato,8
Robert  Cooke,7
Alander  Pulliam,7
Tony Jones,6
Anthony  Hudson,6
Ian Netupsky,5
Earl Jackson,4
Joseph Foreman,4
Andre  Nero,1
Suzzanna  Tanner,0
Doug Jenkins,0
Robby Wells,0
