Name,Votes
Chase Oliver,"6,710"
Robert Kennedy Jr,"5,646"
Jill Stein,"5,373"
Lars Mapstead,"5,123"
Josh Smith,"4,053"
Cornel West,"3,523"
Michael Rectenwald,"2,943"
Donald Trump,"2,554"
Jacob Hornberger,"2,372"
Michael Ter-Maat,"2,283"
Marianne Williamson,"1,762"
Claudia De La Cruz,"1,716"
Joseph Biden,"1,313"
Ron Desantis,"1,147"
Andy Williams,"1,125"
Nikki Haley,966
Cenk Uygur,725
Tom Ross,698
Dean Phillips,670
Shiva Ayyadurai,601
Frank Lozada,513
Jorge Zavala,465
Emanuel Pastreich,340
Jason Palmer,236
Terrisa Bukovinac,171
Gabriel Cornejo,157
Ryan Binkley,149
Joseph Maldonado,123
Michael Wood,116
Stephen Lyons,108
Jimmy Cooper,93
Angeline Payne,70
Willie Carter,66
Wayne Pope Sr,56
Hirsh Singh,41
Michael Bickelmeyer,39
Walter Clapp,33
Eric Boerner,33
Susan Resch,31
Armando Perez-Serrato,21
Jim Norris,17
Christin Powers,17
Charles Camilleri,16
Corey Stapleton,15
Timothy Villari,15
Travis Lang,15
Rollan Roberts,14
Susan Buchser-Lochocki,14
Steven Kross,11
Jesus Torres,7
Daniel Imperato,2
Earl Jackson,0
