Name,Votes
Chase Oliver,"9,052"
Robert Kennedy Jr,"7,322"
Lars Mapstead,"7,175"
Jill Stein,"6,791"
Peter Sonski,"5,616"
Josh Smith,"5,140"
Cornel West,"5,088"
Michael Ter-Maat,"4,399"
Michael Rectenwald,"3,836"
Donald Trump,"3,513"
Jacob Hornberger,"3,252"
Nikki Haley,"2,423"
Marianne Williamson,"2,263"
Claudia De La Cruz,"2,158"
Joseph Biden,"2,044"
Charles Ballay,"1,454"
Andy Williams,"1,245"
Dean Phillips,"1,128"
Cenk Uygur,979
Terrisa Bukovinac,832
Tom Ross,806
Shiva Ayyadurai,705
Frank Lozada,562
Jorge Zavala,546
Emanuel Pastreich,401
Ryan Binkley,305
Michael Wood,300
Jason Palmer,277
Vermin  Supreme,267
Gabriel Cornejo,167
Joseph Maldonado,162
Jimmy Cooper,118
Stephen Lyons,111
Sorinne Ardeleanu,106
Angeline Payne,105
Willie Carter,99
Walter Clapp,76
Hirsh Singh,68
Wayne Pope Sr,67
Michael Bickelmeyer,60
Eric Boerner,58
Susan Resch,54
Corey Stapleton,50
Tony Jones,41
Doug Jenkins,41
Christin Powers,36
Robby Wells,35
Jasmine Sherman,35
Susan Buchser-Lochocki,33
Rollan Roberts,32
Timothy Villari,31
Jesus Torres,28
Joseph Foreman,26
Jim Norris,26
Armando Perez-Serrato,22
Travis Lang,19
Brittany  Jones,18
Charles Camilleri,17
Daniel Imperato,16
Robert  Cooke,16
Ian Netupsky,14
Alander  Pulliam,14
Suzzanna  Tanner,11
Steven Kross,11
Anthony  Hudson,9
Earl Jackson,7
Andre  Nero,1
