Name,Votes
Chase Oliver,"9,372"
Robert Kennedy Jr,"7,859"
Jill Stein,"7,803"
Lars Mapstead,"7,739"
Peter Sonski,"7,006"
Cornel West,"6,567"
Josh Smith,"6,392"
Claudia De La Cruz,"6,162"
Michael Ter-Maat,"5,826"
Michael Rectenwald,"4,193"
Donald Trump,"4,033"
Jacob Hornberger,"3,432"
Nikki Haley,"2,702"
Marianne Williamson,"2,665"
Joseph Biden,"2,311"
Charles Ballay,"1,812"
Andy Williams,"1,293"
Dean Phillips,"1,268"
Cenk Uygur,"1,213"
Terrisa Bukovinac,930
Tom Ross,838
Shiva Ayyadurai,765
Jorge Zavala,620
Frank Lozada,570
Emanuel Pastreich,432
Vermin  Supreme,411
Ryan Binkley,339
Michael Wood,324
Jason Palmer,277
Gabriel Cornejo,201
Joseph Maldonado,197
Sorinne Ardeleanu,165
Jimmy Cooper,134
Jasmine Sherman,131
Angeline Payne,118
Stephen Lyons,115
Willie Carter,109
Joseph Foreman,91
Walter Clapp,83
Hirsh Singh,75
Wayne Pope Sr,67
Eric Boerner,65
Michael Bickelmeyer,64
Tony Jones,62
Susan Resch,55
Brittany  Jones,52
Corey Stapleton,52
Jesus Torres,48
Robert  Cooke,45
Doug Jenkins,44
Timothy Villari,41
Christin Powers,40
Susan Buchser-Lochocki,39
Robby Wells,38
Rollan Roberts,34
Jim Norris,33
Daniel Imperato,31
Armando Perez-Serrato,30
Ian Netupsky,19
Charles Camilleri,19
Travis Lang,19
Alander  Pulliam,18
Suzzanna  Tanner,16
Steven Kross,16
Earl Jackson,10
Anthony  Hudson,9
Andre  Nero,7
