Name,Votes
Chase Oliver,"9,179"
Robert Kennedy Jr,"7,580"
Lars Mapstead,"7,248"
Jill Stein,"6,949"
Peter Sonski,"6,358"
Josh Smith,"5,309"
Cornel West,"5,213"
Michael Ter-Maat,"4,774"
Michael Rectenwald,"3,991"
Donald Trump,"3,669"
Jacob Hornberger,"3,328"
Nikki Haley,"2,569"
Marianne Williamson,"2,324"
Claudia De La Cruz,"2,200"
Joseph Biden,"2,156"
Charles Ballay,"1,556"
Andy Williams,"1,258"
Dean Phillips,"1,185"
Cenk Uygur,995
Terrisa Bukovinac,868
Tom Ross,815
Shiva Ayyadurai,716
Frank Lozada,562
Jorge Zavala,557
Emanuel Pastreich,404
Ryan Binkley,321
Michael Wood,311
Vermin  Supreme,302
Jason Palmer,277
Gabriel Cornejo,168
Joseph Maldonado,164
Sorinne Ardeleanu,121
Jimmy Cooper,118
Stephen Lyons,111
Angeline Payne,107
Willie Carter,99
Walter Clapp,83
Hirsh Singh,75
Wayne Pope Sr,67
Eric Boerner,63
Michael Bickelmeyer,60
Susan Resch,55
Corey Stapleton,52
Tony Jones,51
Doug Jenkins,43
Jasmine Sherman,39
Susan Buchser-Lochocki,38
Timothy Villari,38
Joseph Foreman,36
Christin Powers,36
Robby Wells,35
Jim Norris,33
Rollan Roberts,32
Jesus Torres,28
Daniel Imperato,24
Robert  Cooke,22
Armando Perez-Serrato,22
Travis Lang,19
Alander  Pulliam,18
Brittany  Jones,18
Charles Camilleri,17
Steven Kross,16
Ian Netupsky,15
Suzzanna  Tanner,11
Anthony  Hudson,9
Earl Jackson,7
Andre  Nero,1
