Name,Votes
Claudia De La Cruz,"105,890"
Cornel West,"29,392"
Jill Stein,"20,577"
Peter Sonski,"15,097"
Jasmine Sherman,"14,063"
Chase Oliver,"12,849"
Robert Kennedy Jr,"12,653"
Lars Mapstead,"12,014"
Marianne Williamson,"8,598"
Josh Smith,"7,662"
Michael Ter-Maat,"6,633"
Cenk Uygur,"5,915"
Joseph Biden,"5,820"
Donald Trump,"5,813"
Michael Rectenwald,"5,731"
Jacob Hornberger,"4,774"
Nikki Haley,"4,302"
Charles Ballay,"3,139"
Joseph Afroman Foreman,"2,598"
Dean Phillips,"2,444"
Alan Collinge,"2,324"
Brittany  Jones,"2,190"
Andy Williams,"2,111"
Terrisa Bukovinac,"2,038"
Vermin  Supreme,"1,979"
Jorge Zavala,"1,652"
Shiva Ayyadurai,"1,624"
Tom Ross,"1,246"
Gabriel Cornejo,"1,105"
Sorinne Ardeleanu,"1,004"
Emanuel Pastreich,973
Frank Lozada,906
Jason Palmer,542
Willie Carter,523
Ryan Binkley,508
Joseph Maldonado,464
Robert  Cooke,419
Jimmy Cooper,398
Michael Wood,384
Armando Perez-Serrato,310
Angeline Payne,272
Wayne Pope Sr,249
Christin Powers,201
Doug Jenkins,196
Tony Jones,133
Stephen Lyons,133
Eric Boerner,129
Susan Buchser-Lochocki,120
Walter Clapp,114
Suzzanna  Tanner,114
Hirsh Singh,114
Michael Bickelmeyer,105
Charles Camilleri,104
Jesus Torres,103
Susan Resch,96
Alander  Pulliam,94
Robby Wells,92
Andre  Nero,72
Travis Lang,67
Earl Jackson,67
Corey Stapleton,67
Daniel Imperato,66
Timothy Villari,64
Jim Norris,57
Rollan Roberts,56
Steven Kross,50
Ian Netupsky,50
Anthony  Hudson,47
Adam Nicholas Paul,45
