Name,Votes
Claudia De La Cruz,"101,022"
Cornel West,"26,461"
Jill Stein,"17,597"
Peter Sonski,"14,596"
Robert Kennedy Jr,"10,687"
Chase Oliver,"10,646"
Jasmine Sherman,"10,307"
Lars Mapstead,"9,247"
Marianne Williamson,"7,430"
Josh Smith,"7,021"
Michael Ter-Maat,"6,177"
Cenk Uygur,"5,226"
Michael Rectenwald,"5,172"
Donald Trump,"4,913"
Joseph Biden,"4,495"
Jacob Hornberger,"4,036"
Nikki Haley,"3,540"
Charles Ballay,"2,449"
Dean Phillips,"2,052"
Andy Williams,"1,957"
Joseph Afroman Foreman,"1,912"
Terrisa Bukovinac,"1,823"
Vermin  Supreme,"1,551"
Brittany  Jones,"1,439"
Shiva Ayyadurai,"1,425"
Jorge Zavala,"1,404"
Tom Ross,"1,161"
Gabriel Cornejo,891
Emanuel Pastreich,830
Sorinne Ardeleanu,778
Frank Lozada,769
Jason Palmer,494
Ryan Binkley,406
Joseph Maldonado,397
Michael Wood,371
Willie Carter,366
Robert  Cooke,357
Jimmy Cooper,319
Armando Perez-Serrato,273
Angeline Payne,208
Wayne Pope Sr,183
Christin Powers,176
Doug Jenkins,144
Stephen Lyons,125
Tony Jones,120
Walter Clapp,104
Hirsh Singh,86
Suzzanna  Tanner,82
Eric Boerner,80
Susan Resch,71
Susan Buchser-Lochocki,70
Michael Bickelmeyer,68
Robby Wells,68
Jesus Torres,65
Corey Stapleton,55
Alander  Pulliam,54
Timothy Villari,54
Andre  Nero,53
Charles Camilleri,53
Jim Norris,43
Ian Netupsky,39
Rollan Roberts,39
Daniel Imperato,37
Anthony  Hudson,32
Travis Lang,26
Steven Kross,23
Earl Jackson,21
Adam Nicholas Paul,2
Alan Collinge,0
