Name,Votes
Claudia De La Cruz,"67,068"
Cornel West,"18,020"
Peter Sonski,"13,948"
Jill Stein,"12,867"
Chase Oliver,"10,151"
Robert Kennedy Jr,"9,432"
Lars Mapstead,"8,967"
Josh Smith,"6,755"
Michael Ter-Maat,"6,021"
Marianne Williamson,"5,279"
Michael Rectenwald,"4,708"
Donald Trump,"4,446"
Jacob Hornberger,"3,763"
Joseph Biden,"3,426"
Cenk Uygur,"3,389"
Nikki Haley,"3,174"
Charles Ballay,"2,129"
Jasmine Sherman,"2,102"
Dean Phillips,"1,678"
Andy Williams,"1,587"
Terrisa Bukovinac,"1,415"
Shiva Ayyadurai,"1,109"
Jorge Zavala,"1,068"
Vermin  Supreme,"1,057"
Joseph Foreman,"1,052"
Tom Ross,"1,028"
Emanuel Pastreich,646
Frank Lozada,645
Gabriel Cornejo,595
Sorinne Ardeleanu,459
Brittany  Jones,410
Jason Palmer,370
Ryan Binkley,362
Michael Wood,348
Joseph Maldonado,304
Willie Carter,239
Jimmy Cooper,235
Robert  Cooke,210
Armando Perez-Serrato,167
Angeline Payne,158
Stephen Lyons,119
Christin Powers,115
Wayne Pope Sr,112
Doug Jenkins,107
Tony Jones,98
Walter Clapp,94
Hirsh Singh,84
Eric Boerner,71
Michael Bickelmeyer,64
Jesus Torres,59
Susan Resch,59
Susan Buchser-Lochocki,54
Corey Stapleton,52
Robby Wells,48
Timothy Villari,44
Charles Camilleri,36
Rollan Roberts,35
Jim Norris,35
Daniel Imperato,34
Alander  Pulliam,29
Suzzanna  Tanner,29
Ian Netupsky,26
Travis Lang,22
Andre  Nero,20
Earl Jackson,19
Steven Kross,17
Anthony  Hudson,16
