Name,Votes
Chase Oliver,"9,211"
Robert Kennedy Jr,"7,610"
Lars Mapstead,"7,273"
Jill Stein,"6,977"
Peter Sonski,"6,513"
Josh Smith,"5,373"
Cornel West,"5,228"
Michael Ter-Maat,"5,048"
Michael Rectenwald,"4,045"
Donald Trump,"3,702"
Jacob Hornberger,"3,336"
Nikki Haley,"2,594"
Marianne Williamson,"2,348"
Claudia De La Cruz,"2,205"
Joseph Biden,"2,164"
Charles Ballay,"1,626"
Andy Williams,"1,274"
Dean Phillips,"1,199"
Cenk Uygur,995
Terrisa Bukovinac,881
Tom Ross,820
Shiva Ayyadurai,728
Frank Lozada,562
Jorge Zavala,561
Emanuel Pastreich,404
Ryan Binkley,327
Vermin  Supreme,312
Michael Wood,312
Jason Palmer,277
Joseph Maldonado,172
Gabriel Cornejo,168
Sorinne Ardeleanu,129
Jimmy Cooper,123
Stephen Lyons,111
Angeline Payne,107
Willie Carter,99
Walter Clapp,83
Hirsh Singh,75
Wayne Pope Sr,67
Eric Boerner,65
Michael Bickelmeyer,64
Tony Jones,57
Susan Resch,55
Corey Stapleton,52
Doug Jenkins,43
Susan Buchser-Lochocki,39
Jasmine Sherman,39
Robby Wells,38
Timothy Villari,38
Joseph Foreman,36
Christin Powers,36
Jesus Torres,33
Jim Norris,33
Rollan Roberts,32
Daniel Imperato,27
Robert  Cooke,24
Armando Perez-Serrato,22
Travis Lang,19
Alander  Pulliam,18
Brittany  Jones,18
Charles Camilleri,17
Steven Kross,16
Ian Netupsky,15
Suzzanna  Tanner,11
Anthony  Hudson,9
Earl Jackson,7
Andre  Nero,1
