Name,Votes
Claudia De La Cruz,"100,588"
Cornel West,"25,951"
Jill Stein,"16,915"
Peter Sonski,"14,590"
Robert Kennedy Jr,"10,607"
Chase Oliver,"10,590"
Jasmine Sherman,"9,897"
Lars Mapstead,"9,221"
Marianne Williamson,"7,255"
Josh Smith,"7,007"
Michael Ter-Maat,"6,158"
Michael Rectenwald,"5,156"
Cenk Uygur,"5,095"
Donald Trump,"4,884"
Joseph Biden,"4,444"
Jacob Hornberger,"4,019"
Nikki Haley,"3,522"
Charles Ballay,"2,447"
Dean Phillips,"2,009"
Andy Williams,"1,944"
Joseph Afroman Foreman,"1,877"
Terrisa Bukovinac,"1,810"
Vermin  Supreme,"1,511"
Brittany  Jones,"1,397"
Shiva Ayyadurai,"1,383"
Jorge Zavala,"1,379"
Tom Ross,"1,151"
Gabriel Cornejo,880
Emanuel Pastreich,828
Sorinne Ardeleanu,765
Frank Lozada,764
Jason Palmer,494
Joseph Maldonado,397
Ryan Binkley,397
Michael Wood,371
Willie Carter,363
Robert  Cooke,344
Jimmy Cooper,315
Armando Perez-Serrato,267
Angeline Payne,203
Christin Powers,175
Wayne Pope Sr,172
Doug Jenkins,144
Stephen Lyons,125
Tony Jones,120
Walter Clapp,104
Hirsh Singh,86
Suzzanna  Tanner,82
Eric Boerner,78
Susan Resch,71
Susan Buchser-Lochocki,69
Robby Wells,68
Jesus Torres,65
Michael Bickelmeyer,64
Corey Stapleton,55
Timothy Villari,54
Charles Camilleri,53
Alander  Pulliam,52
Andre  Nero,49
Jim Norris,43
Rollan Roberts,39
Daniel Imperato,37
Ian Netupsky,35
Anthony  Hudson,32
Travis Lang,26
Steven Kross,23
Earl Jackson,21
Adam Nicholas Paul,2
