Name,Votes
Claudia De La Cruz,"94,431"
Cornel West,"22,705"
Jill Stein,"14,874"
Peter Sonski,"14,273"
Chase Oliver,"10,325"
Robert Kennedy Jr,"9,998"
Lars Mapstead,"9,052"
Josh Smith,"6,828"
Marianne Williamson,"6,381"
Michael Ter-Maat,"6,052"
Michael Rectenwald,"4,772"
Donald Trump,"4,574"
Cenk Uygur,"4,350"
Joseph Biden,"3,980"
Jacob Hornberger,"3,835"
Nikki Haley,"3,337"
Jasmine Sherman,"3,087"
Charles Ballay,"2,326"
Dean Phillips,"1,791"
Andy Williams,"1,726"
Terrisa Bukovinac,"1,619"
Joseph Foreman,"1,438"
Shiva Ayyadurai,"1,266"
Vermin  Supreme,"1,254"
Jorge Zavala,"1,220"
Tom Ross,"1,064"
Emanuel Pastreich,745
Gabriel Cornejo,738
Frank Lozada,709
Brittany  Jones,702
Sorinne Ardeleanu,621
Jason Palmer,423
Ryan Binkley,375
Michael Wood,356
Joseph Maldonado,343
Willie Carter,307
Robert  Cooke,293
Jimmy Cooper,266
Armando Perez-Serrato,237
Angeline Payne,172
Christin Powers,141
Wayne Pope Sr,138
Doug Jenkins,128
Stephen Lyons,120
Tony Jones,112
Walter Clapp,94
Hirsh Singh,84
Eric Boerner,74
Susan Resch,66
Michael Bickelmeyer,64
Susan Buchser-Lochocki,63
Jesus Torres,61
Corey Stapleton,55
Timothy Villari,51
Robby Wells,49
Suzzanna  Tanner,48
Charles Camilleri,46
Jim Norris,42
Alander  Pulliam,36
Rollan Roberts,35
Daniel Imperato,34
Ian Netupsky,30
Andre  Nero,27
Travis Lang,22
Anthony  Hudson,20
Earl Jackson,19
Steven Kross,18
