Name,Votes
Chase Oliver,"4,895"
Robert Kennedy Jr,"4,199"
Lars Mapstead,"3,776"
Josh Smith,"3,360"
Michael Rectenwald,"2,275"
Donald Trump,"1,946"
Jacob Hornberger,"1,827"
Michael Ter-Maat,"1,806"
Cornel West,"1,206"
Jill Stein,"1,109"
Ron Desantis,"1,009"
Andy Williams,963
Marianne Williamson,869
Joseph Biden,815
Nikki Haley,594
Claudia De La Cruz,569
Tom Ross,538
Frank Lozada,474
Dean Phillips,468
Shiva Ayyadurai,389
Cenk Uygur,267
Jason Palmer,212
Jorge Zavala,146
Terrisa Bukovinac,144
Gabriel Cornejo,129
Stephen Lyons,108
Ryan Binkley,106
Emanuel Pastreich,98
Joseph Maldonado,90
Michael Wood,75
Jimmy Cooper,51
Angeline Payne,46
Wayne Pope Sr,40
Willie Carter,38
Hirsh Singh,27
Eric Boerner,26
Michael Bickelmeyer,26
Susan Resch,24
Walter Clapp,15
Travis Lang,15
Armando Perez-Serrato,13
Charles Camilleri,13
Christin Powers,12
Steven Kross,11
Corey Stapleton,9
Timothy Villari,7
Rollan Roberts,7
Susan Buchser-Lochocki,6
Jim Norris,6
Jesus Torres,3
Daniel Imperato,1
Earl Jackson,0
