Name,Votes
Claudia De La Cruz,"15,730"
Chase Oliver,"9,855"
Cornel West,"9,392"
Jill Stein,"9,296"
Robert Kennedy Jr,"8,412"
Lars Mapstead,"8,148"
Peter Sonski,"7,226"
Josh Smith,"6,640"
Michael Ter-Maat,"5,930"
Michael Rectenwald,"4,346"
Donald Trump,"4,220"
Jacob Hornberger,"3,596"
Marianne Williamson,"3,373"
Nikki Haley,"2,905"
Joseph Biden,"2,599"
Charles Ballay,"1,970"
Cenk Uygur,"1,840"
Dean Phillips,"1,409"
Andy Williams,"1,373"
Terrisa Bukovinac,"1,006"
Tom Ross,934
Shiva Ayyadurai,864
Jorge Zavala,731
Vermin  Supreme,698
Jasmine Sherman,651
Frank Lozada,589
Emanuel Pastreich,524
Ryan Binkley,347
Michael Wood,338
Jason Palmer,328
Joseph Foreman,302
Gabriel Cornejo,286
Sorinne Ardeleanu,250
Joseph Maldonado,246
Brittany  Jones,159
Jimmy Cooper,155
Angeline Payne,128
Willie Carter,119
Stephen Lyons,115
Robert  Cooke,107
Walter Clapp,87
Wayne Pope Sr,86
Hirsh Singh,79
Tony Jones,70
Eric Boerner,65
Michael Bickelmeyer,64
Christin Powers,61
Doug Jenkins,57
Susan Resch,55
Jesus Torres,52
Corey Stapleton,52
Armando Perez-Serrato,48
Susan Buchser-Lochocki,46
Timothy Villari,41
Robby Wells,40
Jim Norris,35
Rollan Roberts,34
Daniel Imperato,31
Ian Netupsky,22
Suzzanna  Tanner,22
Charles Camilleri,22
Travis Lang,20
Alander  Pulliam,18
Steven Kross,16
Andre  Nero,11
Anthony  Hudson,11
Earl Jackson,10
