Name,Votes
Claudia De La Cruz,"99,305"
Cornel West,"24,914"
Jill Stein,"16,140"
Peter Sonski,"14,555"
Chase Oliver,"10,511"
Robert Kennedy Jr,"10,490"
Lars Mapstead,"9,181"
Jasmine Sherman,"7,968"
Marianne Williamson,"7,008"
Josh Smith,"6,995"
Michael Ter-Maat,"6,144"
Michael Rectenwald,"5,133"
Donald Trump,"4,849"
Cenk Uygur,"4,845"
Joseph Biden,"4,331"
Jacob Hornberger,"4,000"
Nikki Haley,"3,474"
Charles Ballay,"2,433"
Dean Phillips,"1,946"
Andy Williams,"1,909"
Terrisa Bukovinac,"1,769"
Joseph Afroman Foreman,"1,685"
Vermin  Supreme,"1,448"
Shiva Ayyadurai,"1,371"
Jorge Zavala,"1,336"
Brittany  Jones,"1,278"
Tom Ross,"1,142"
Gabriel Cornejo,831
Emanuel Pastreich,803
Frank Lozada,763
Sorinne Ardeleanu,736
Jason Palmer,460
Joseph Maldonado,390
Ryan Binkley,389
Michael Wood,371
Willie Carter,350
Robert  Cooke,326
Jimmy Cooper,296
Armando Perez-Serrato,257
Angeline Payne,191
Christin Powers,167
Wayne Pope Sr,165
Doug Jenkins,139
Stephen Lyons,125
Tony Jones,116
Walter Clapp,104
Hirsh Singh,86
Eric Boerner,78
Suzzanna  Tanner,73
Susan Resch,71
Susan Buchser-Lochocki,69
Michael Bickelmeyer,64
Jesus Torres,62
Robby Wells,57
Corey Stapleton,55
Timothy Villari,54
Charles Camilleri,53
Alander  Pulliam,47
Andre  Nero,46
Jim Norris,43
Rollan Roberts,39
Daniel Imperato,37
Anthony  Hudson,32
Ian Netupsky,32
Travis Lang,26
Steven Kross,23
Earl Jackson,21
Adam Nicholas Paul,0
