Name,Votes
Chase Oliver,"3,146"
Robert Kennedy Jr,"3,062"
Josh Smith,"2,893"
Lars Mapstead,"2,410"
Michael Rectenwald,"1,895"
Donald Trump,"1,477"
Michael Ter-Maat,"1,422"
Jacob Hornberger,"1,358"
Cornel West,812
Ron Desantis,778
Jill Stein,676
Marianne Williamson,638
Andy Williams,605
Joseph Biden,594
Tom Ross,398
Nikki Haley,369
Frank Lozada,360
Dean Phillips,353
Claudia De La Cruz,342
Shiva Ayyadurai,277
Cenk Uygur,201
Jason Palmer,137
Gabriel Cornejo,113
Stephen Lyons,104
Jorge Zavala,78
Ryan Binkley,76
Joseph Maldonado,64
Emanuel Pastreich,58
Michael Wood,38
Jimmy Cooper,34
Willie Carter,31
Terrisa Bukovinac,30
Angeline Payne,25
Wayne Pope Sr,23
Michael Bickelmeyer,20
Susan Resch,18
Eric Boerner,15
Walter Clapp,13
Steven Kross,11
Travis Lang,11
Hirsh Singh,11
Charles Camilleri,10
Corey Stapleton,9
Christin Powers,7
Armando Perez-Serrato,5
Susan Buchser-Lochocki,4
Timothy Villari,3
Rollan Roberts,3
Jim Norris,2
Daniel Imperato,1
Jesus Torres,0
Earl Jackson,0
