Name,Votes
Claudia De La Cruz,"98,197"
Cornel West,"24,243"
Jill Stein,"15,742"
Peter Sonski,"14,492"
Chase Oliver,"10,472"
Robert Kennedy Jr,"10,348"
Lars Mapstead,"9,144"
Josh Smith,"6,983"
Marianne Williamson,"6,790"
Jasmine Sherman,"6,247"
Michael Ter-Maat,"6,134"
Michael Rectenwald,"5,087"
Donald Trump,"4,798"
Cenk Uygur,"4,658"
Joseph Biden,"4,231"
Jacob Hornberger,"3,967"
Nikki Haley,"3,448"
Charles Ballay,"2,406"
Dean Phillips,"1,918"
Andy Williams,"1,862"
Terrisa Bukovinac,"1,727"
Joseph Foreman,"1,594"
Vermin  Supreme,"1,409"
Shiva Ayyadurai,"1,351"
Jorge Zavala,"1,312"
Tom Ross,"1,128"
Brittany  Jones,"1,066"
Gabriel Cornejo,796
Emanuel Pastreich,790
Frank Lozada,746
Sorinne Ardeleanu,708
Jason Palmer,454
Ryan Binkley,389
Joseph Maldonado,382
Michael Wood,362
Willie Carter,337
Robert  Cooke,318
Jimmy Cooper,292
Armando Perez-Serrato,246
Angeline Payne,185
Christin Powers,164
Wayne Pope Sr,152
Doug Jenkins,139
Stephen Lyons,125
Tony Jones,116
Walter Clapp,104
Hirsh Singh,86
Eric Boerner,76
Susan Resch,69
Susan Buchser-Lochocki,67
Michael Bickelmeyer,64
Jesus Torres,62
Suzzanna  Tanner,57
Corey Stapleton,55
Timothy Villari,54
Robby Wells,52
Charles Camilleri,50
Alander  Pulliam,43
Jim Norris,43
Rollan Roberts,39
Daniel Imperato,37
Andre  Nero,37
Anthony  Hudson,32
Ian Netupsky,32
Travis Lang,26
Steven Kross,23
Earl Jackson,21
