Name,Votes
Claudia De La Cruz,"102,265"
Cornel West,"27,401"
Jill Stein,"18,616"
Peter Sonski,"14,636"
Jasmine Sherman,"11,300"
Robert Kennedy Jr,"10,860"
Chase Oliver,"10,738"
Lars Mapstead,"9,525"
Marianne Williamson,"7,699"
Josh Smith,"7,094"
Michael Ter-Maat,"6,217"
Cenk Uygur,"5,489"
Michael Rectenwald,"5,221"
Donald Trump,"4,968"
Joseph Biden,"4,590"
Jacob Hornberger,"4,067"
Nikki Haley,"3,589"
Charles Ballay,"2,484"
Dean Phillips,"2,102"
Joseph Afroman Foreman,"2,022"
Andy Williams,"1,991"
Terrisa Bukovinac,"1,838"
Vermin  Supreme,"1,601"
Brittany  Jones,"1,520"
Jorge Zavala,"1,466"
Shiva Ayyadurai,"1,464"
Tom Ross,"1,175"
Gabriel Cornejo,922
Emanuel Pastreich,858
Sorinne Ardeleanu,811
Frank Lozada,778
Jason Palmer,510
Ryan Binkley,410
Joseph Maldonado,403
Michael Wood,375
Willie Carter,374
Robert  Cooke,373
Jimmy Cooper,329
Armando Perez-Serrato,277
Angeline Payne,208
Christin Powers,193
Wayne Pope Sr,189
Alan Collinge,166
Doug Jenkins,148
Stephen Lyons,125
Tony Jones,122
Walter Clapp,104
Suzzanna  Tanner,86
Hirsh Singh,86
Eric Boerner,82
Susan Resch,71
Robby Wells,70
Susan Buchser-Lochocki,70
Jesus Torres,68
Michael Bickelmeyer,68
Alander  Pulliam,62
Andre  Nero,60
Timothy Villari,57
Corey Stapleton,55
Charles Camilleri,54
Jim Norris,43
Rollan Roberts,41
Daniel Imperato,40
Ian Netupsky,39
Anthony  Hudson,36
Travis Lang,27
Steven Kross,25
Earl Jackson,22
Adam Nicholas Paul,3
