Name,Votes
Chase Oliver,"5,044"
Robert Kennedy Jr,"4,393"
Lars Mapstead,"3,964"
Josh Smith,"3,409"
Michael Rectenwald,"2,355"
Donald Trump,"2,022"
Michael Ter-Maat,"1,952"
Jacob Hornberger,"1,880"
Jill Stein,"1,618"
Cornel West,"1,511"
Ron Desantis,"1,026"
Andy Williams,989
Marianne Williamson,950
Joseph Biden,892
Claudia De La Cruz,702
Nikki Haley,630
Tom Ross,583
Dean Phillips,513
Frank Lozada,474
Shiva Ayyadurai,406
Cenk Uygur,311
Jason Palmer,217
Jorge Zavala,181
Terrisa Bukovinac,146
Gabriel Cornejo,129
Emanuel Pastreich,116
Ryan Binkley,114
Stephen Lyons,108
Joseph Maldonado,93
Michael Wood,84
Jimmy Cooper,52
Willie Carter,46
Angeline Payne,46
Wayne Pope Sr,42
Susan Resch,28
Hirsh Singh,27
Eric Boerner,26
Michael Bickelmeyer,26
Walter Clapp,15
Travis Lang,15
Armando Perez-Serrato,13
Charles Camilleri,13
Timothy Villari,12
Christin Powers,12
Steven Kross,11
Corey Stapleton,9
Rollan Roberts,7
Susan Buchser-Lochocki,6
Jim Norris,6
Jesus Torres,3
Daniel Imperato,1
Earl Jackson,0
