Name,Votes
Chase Oliver,1692
Josh Smith,1524
Robert Kennedy Jr,1352
Lars Mapstead,1295
Michael Rectenwald,963
Michael Ter-Maat,885
Donald Trump,691
Jacob Hornberger,687
Ron Desantis,358
Cornel West,355
Marianne Williamson,352
Jill Stein,348
Joseph Biden,269
Nikki Haley,213
Tom Ross,185
Dean Phillips,177
Shiva Ayyadurai,135
Cenk Uygur,103
Claudia De La Cruz,86
Stephen Lyons,86
Frank Lozada,80
Jason Palmer,75
Gabriel Cornejo,55
Andy Williams,52
Ryan Binkley,36
Jorge Zavala,35
Joseph Maldonado,31
Emanuel Pastreich,30
Michael Bickelmeyer,16
Eric Boerner,15
Hirsh Singh,11
Susan Resch,10
Michael Wood,10
Travis Lang,10
Terrisa Bukovinac,9
Walter Clapp,8
Angeline Payne,7
Charles Camilleri,7
Willie Carter,6
Corey Stapleton,5
Susan Buchser-Lochocki,4
Timothy Villari,3
Jimmy Cooper,3
Rollan Roberts,3
Wayne Pope Sr,2
Armando Perez-Serrato,1
Daniel Imperato,1
Steven Kross,1
Jim Norris,1
Jesus Torres,0
Christin Powers,0
Earl Jackson,0
