Name,Votes
Claudia De La Cruz,"105,217"
Cornel West,"29,076"
Jill Stein,"20,283"
Peter Sonski,"14,936"
Jasmine Sherman,"13,593"
Robert Kennedy Jr,"12,248"
Chase Oliver,"12,061"
Lars Mapstead,"10,747"
Marianne Williamson,"8,478"
Josh Smith,"7,523"
Michael Ter-Maat,"6,455"
Cenk Uygur,"5,873"
Donald Trump,"5,604"
Michael Rectenwald,"5,562"
Joseph Biden,"5,530"
Jacob Hornberger,"4,460"
Nikki Haley,"4,133"
Charles Ballay,"2,804"
Joseph Afroman Foreman,"2,396"
Dean Phillips,"2,350"
Andy Williams,"2,083"
Alan Collinge,"2,075"
Brittany  Jones,"2,071"
Terrisa Bukovinac,"1,990"
Vermin  Supreme,"1,893"
Jorge Zavala,"1,603"
Shiva Ayyadurai,"1,589"
Tom Ross,"1,221"
Gabriel Cornejo,"1,055"
Sorinne Ardeleanu,957
Emanuel Pastreich,948
Frank Lozada,902
Jason Palmer,526
Willie Carter,494
Ryan Binkley,472
Joseph Maldonado,453
Robert  Cooke,402
Jimmy Cooper,389
Michael Wood,383
Armando Perez-Serrato,302
Angeline Payne,263
Wayne Pope Sr,240
Christin Powers,201
Doug Jenkins,179
Stephen Lyons,132
Tony Jones,126
Hirsh Singh,111
Walter Clapp,107
Suzzanna  Tanner,102
Eric Boerner,101
Jesus Torres,100
Susan Buchser-Lochocki,93
Charles Camilleri,91
Susan Resch,89
Robby Wells,88
Alander  Pulliam,88
Michael Bickelmeyer,83
Andre  Nero,66
Corey Stapleton,65
Timothy Villari,63
Jim Norris,57
Rollan Roberts,52
Daniel Imperato,50
Ian Netupsky,48
Anthony  Hudson,47
Adam Nicholas Paul,40
Travis Lang,38
Earl Jackson,37
Steven Kross,27
