Name,Votes
Robert Kennedy Jr,2403
Chase Oliver,2298
Josh Smith,2154
Lars Mapstead,1913
Michael Rectenwald,1448
Michael Ter-Maat,1133
Donald Trump,1105
Jacob Hornberger,966
Cornel West,619
Ron Desantis,604
Jill Stein,569
Marianne Williamson,524
Joseph Biden,461
Tom Ross,328
Nikki Haley,323
Dean Phillips,279
Andy Williams,265
Claudia De La Cruz,246
Shiva Ayyadurai,216
Cenk Uygur,168
Frank Lozada,108
Jason Palmer,97
Stephen Lyons,92
Gabriel Cornejo,82
Jorge Zavala,68
Emanuel Pastreich,46
Ryan Binkley,44
Joseph Maldonado,41
Michael Wood,29
Willie Carter,21
Jimmy Cooper,20
Michael Bickelmeyer,20
Susan Resch,15
Eric Boerner,15
Angeline Payne,14
Walter Clapp,12
Hirsh Singh,11
Terrisa Bukovinac,10
Travis Lang,10
Wayne Pope Sr,8
Charles Camilleri,7
Corey Stapleton,5
Susan Buchser-Lochocki,4
Timothy Villari,3
Rollan Roberts,3
Armando Perez-Serrato,1
Daniel Imperato,1
Steven Kross,1
Jim Norris,1
Jesus Torres,0
Christin Powers,0
Earl Jackson,0
