Name,Votes
Chase Oliver,"6,951"
Robert Kennedy Jr,"5,758"
Jill Stein,"5,600"
Lars Mapstead,"5,227"
Josh Smith,"4,129"
Cornel West,"3,649"
Michael Rectenwald,"3,016"
Michael Ter-Maat,"2,981"
Donald Trump,"2,602"
Jacob Hornberger,"2,460"
Marianne Williamson,"1,814"
Claudia De La Cruz,"1,779"
Joseph Biden,"1,371"
Ron Desantis,"1,161"
Andy Williams,"1,136"
Nikki Haley,"1,022"
Cenk Uygur,754
Tom Ross,698
Dean Phillips,688
Shiva Ayyadurai,604
Frank Lozada,513
Jorge Zavala,473
Emanuel Pastreich,345
Jason Palmer,248
Terrisa Bukovinac,176
Gabriel Cornejo,157
Ryan Binkley,149
Michael Wood,132
Joseph Maldonado,127
Stephen Lyons,108
Jimmy Cooper,98
Angeline Payne,70
Willie Carter,66
Wayne Pope Sr,56
Hirsh Singh,41
Michael Bickelmeyer,39
Walter Clapp,34
Eric Boerner,33
Susan Resch,31
Armando Perez-Serrato,21
Charles Camilleri,17
Jim Norris,17
Christin Powers,17
Corey Stapleton,15
Timothy Villari,15
Travis Lang,15
Rollan Roberts,14
Susan Buchser-Lochocki,14
Steven Kross,11
Jesus Torres,7
Daniel Imperato,2
Earl Jackson,0
