Name,Votes
Chase Oliver,"9,343"
Robert Kennedy Jr,"7,834"
Lars Mapstead,"7,645"
Jill Stein,"7,542"
Peter Sonski,"6,958"
Josh Smith,"6,365"
Cornel West,"6,096"
Michael Ter-Maat,"5,824"
Claudia De La Cruz,"4,759"
Michael Rectenwald,"4,162"
Donald Trump,"3,997"
Jacob Hornberger,"3,406"
Nikki Haley,"2,694"
Marianne Williamson,"2,580"
Joseph Biden,"2,280"
Charles Ballay,"1,794"
Andy Williams,"1,288"
Dean Phillips,"1,262"
Cenk Uygur,"1,149"
Terrisa Bukovinac,911
Tom Ross,830
Shiva Ayyadurai,753
Jorge Zavala,595
Frank Lozada,565
Emanuel Pastreich,424
Vermin  Supreme,373
Ryan Binkley,339
Michael Wood,324
Jason Palmer,277
Joseph Maldonado,189
Gabriel Cornejo,187
Sorinne Ardeleanu,153
Jimmy Cooper,131
Stephen Lyons,114
Angeline Payne,113
Willie Carter,104
Jasmine Sherman,103
Walter Clapp,83
Hirsh Singh,75
Joseph Foreman,67
Wayne Pope Sr,67
Eric Boerner,65
Michael Bickelmeyer,64
Tony Jones,59
Susan Resch,55
Corey Stapleton,52
Jesus Torres,48
Brittany  Jones,47
Doug Jenkins,43
Robert  Cooke,41
Timothy Villari,41
Christin Powers,40
Susan Buchser-Lochocki,39
Robby Wells,38
Rollan Roberts,34
Jim Norris,33
Daniel Imperato,31
Armando Perez-Serrato,23
Charles Camilleri,19
Travis Lang,19
Alander  Pulliam,18
Suzzanna  Tanner,16
Steven Kross,16
Ian Netupsky,15
Earl Jackson,10
Anthony  Hudson,9
Andre  Nero,2
