Name,Votes
Chase Oliver,"8,060"
Robert Kennedy Jr,"6,254"
Jill Stein,"6,158"
Lars Mapstead,"6,100"
Josh Smith,"4,627"
Cornel West,"4,045"
Michael Rectenwald,"3,455"
Michael Ter-Maat,"3,312"
Donald Trump,"2,854"
Jacob Hornberger,"2,812"
Marianne Williamson,"1,969"
Claudia De La Cruz,"1,964"
Joseph Biden,"1,502"
Nikki Haley,"1,191"
Andy Williams,"1,190"
Cenk Uygur,860
Dean Phillips,771
Tom Ross,757
Shiva Ayyadurai,651
Frank Lozada,536
Jorge Zavala,510
Emanuel Pastreich,368
Jason Palmer,259
Terrisa Bukovinac,188
Ryan Binkley,169
Gabriel Cornejo,158
Michael Wood,145
Joseph Maldonado,132
Jimmy Cooper,113
Stephen Lyons,108
Angeline Payne,71
Willie Carter,70
Wayne Pope Sr,66
Hirsh Singh,52
Michael Bickelmeyer,42
Susan Resch,38
Walter Clapp,37
Eric Boerner,35
Corey Stapleton,24
Armando Perez-Serrato,21
Jim Norris,18
Timothy Villari,17
Susan Buchser-Lochocki,17
Charles Camilleri,17
Christin Powers,17
Vermin  Supreme,15
Charles Ballay,15
Travis Lang,15
Rollan Roberts,14
Steven Kross,11
Daniel Imperato,8
Jesus Torres,7
Jasmine Sherman,6
Peter Sonski,4
Sorinne Ardeleanu,3
Alander  Pulliam,3
Ian Netupsky,2
Andre  Nero,1
Suzzanna  Tanner,0
Brittany  Jones,0
Joseph Foreman,0
Doug Jenkins,0
Robby Wells,0
Robert  Cooke,0
Anthony  Hudson,0
Tony Jones,0
Earl Jackson,0
