Name,Votes
Claudia De La Cruz,"95,645"
Cornel West,"23,079"
Jill Stein,"15,031"
Peter Sonski,"14,422"
Chase Oliver,"10,350"
Robert Kennedy Jr,"10,080"
Lars Mapstead,"9,071"
Josh Smith,"6,842"
Marianne Williamson,"6,490"
Michael Ter-Maat,"6,067"
Michael Rectenwald,"4,802"
Donald Trump,"4,624"
Cenk Uygur,"4,419"
Joseph Biden,"4,029"
Jacob Hornberger,"3,839"
Nikki Haley,"3,375"
Jasmine Sherman,"3,278"
Charles Ballay,"2,362"
Dean Phillips,"1,822"
Andy Williams,"1,767"
Terrisa Bukovinac,"1,659"
Joseph Foreman,"1,463"
Shiva Ayyadurai,"1,286"
Vermin  Supreme,"1,262"
Jorge Zavala,"1,235"
Tom Ross,"1,072"
Brittany  Jones,811
Emanuel Pastreich,753
Gabriel Cornejo,745
Frank Lozada,717
Sorinne Ardeleanu,628
Jason Palmer,435
Ryan Binkley,380
Joseph Maldonado,358
Michael Wood,356
Willie Carter,309
Robert  Cooke,300
Jimmy Cooper,269
Armando Perez-Serrato,240
Angeline Payne,173
Christin Powers,141
Wayne Pope Sr,140
Doug Jenkins,128
Stephen Lyons,125
Tony Jones,112
Walter Clapp,94
Hirsh Singh,84
Eric Boerner,74
Susan Resch,66
Michael Bickelmeyer,64
Susan Buchser-Lochocki,63
Jesus Torres,61
Corey Stapleton,55
Suzzanna  Tanner,51
Timothy Villari,51
Robby Wells,49
Charles Camilleri,46
Jim Norris,42
Alander  Pulliam,36
Rollan Roberts,35
Daniel Imperato,34
Andre  Nero,33
Ian Netupsky,30
Travis Lang,22
Anthony  Hudson,20
Earl Jackson,19
Steven Kross,18
