Name,Votes
Claudia De La Cruz,"107,388"
Cornel West,"30,520"
Jill Stein,"21,433"
Peter Sonski,"16,863"
Lars Mapstead,"16,354"
Chase Oliver,"16,188"
Jasmine Sherman,"15,542"
Robert Kennedy Jr,"13,976"
Marianne Williamson,"9,545"
Josh Smith,"8,306"
Michael Ter-Maat,"7,419"
Joseph Biden,"6,685"
Michael Rectenwald,"6,568"
Donald Trump,"6,320"
Cenk Uygur,"6,223"
Jacob Hornberger,"6,222"
Nikki Haley,"4,826"
Charles Ballay,"4,182"
Joseph Afroman Foreman,"3,378"
Alan Collinge,"2,945"
Dean Phillips,"2,835"
Vermin  Supreme,"2,566"
Brittany  Jones,"2,524"
Frank Lozada,"2,328"
Terrisa Bukovinac,"2,191"
Andy Williams,"2,156"
Shiva Ayyadurai,"1,736"
Jorge Zavala,"1,720"
Tom Ross,"1,295"
Sorinne Ardeleanu,"1,281"
Gabriel Cornejo,"1,218"
Emanuel Pastreich,"1,022"
Willie Carter,668
Ryan Binkley,647
Joseph Maldonado,588
Jason Palmer,586
Jimmy Cooper,471
Robert  Cooke,437
Michael Wood,401
Armando Perez-Serrato,354
Wayne Pope Sr,327
Angeline Payne,325
Doug Jenkins,292
Stephen Lyons,257
Christin Powers,251
Susan Buchser-Lochocki,230
Earl Jackson,206
Eric Boerner,198
Daniel Imperato,190
Charles Camilleri,189
Walter Clapp,166
Travis Lang,155
Michael Bickelmeyer,155
Steven Kross,151
Tony Jones,151
Hirsh Singh,136
Susan Resch,135
Suzzanna  Tanner,132
Jesus Torres,122
Robby Wells,108
Alander  Pulliam,107
Rollan Roberts,96
Jim Norris,95
Corey Stapleton,94
Adam Nicholas Paul,82
Andre  Nero,80
Timothy Villari,79
Anthony  Hudson,74
Ian Netupsky,64
