Name,Votes
Claudia De La Cruz,"106,699"
Cornel West,"30,055"
Jill Stein,"21,134"
Peter Sonski,"16,820"
Chase Oliver,"15,141"
Lars Mapstead,"15,005"
Jasmine Sherman,"14,641"
Robert Kennedy Jr,"13,567"
Marianne Williamson,"9,167"
Josh Smith,"8,072"
Michael Ter-Maat,"7,097"
Joseph Biden,"6,421"
Michael Rectenwald,"6,280"
Donald Trump,"6,144"
Cenk Uygur,"6,081"
Jacob Hornberger,"5,781"
Nikki Haley,"4,654"
Charles Ballay,"3,876"
Joseph Afroman Foreman,"3,127"
Alan Collinge,"2,784"
Dean Phillips,"2,690"
Vermin  Supreme,"2,315"
Brittany  Jones,"2,251"
Terrisa Bukovinac,"2,141"
Andy Williams,"2,122"
Jorge Zavala,"1,697"
Shiva Ayyadurai,"1,692"
Tom Ross,"1,269"
Gabriel Cornejo,"1,181"
Sorinne Ardeleanu,"1,168"
Emanuel Pastreich,"1,010"
Frank Lozada,990
Willie Carter,621
Ryan Binkley,589
Jason Palmer,566
Joseph Maldonado,517
Jimmy Cooper,443
Robert  Cooke,430
Michael Wood,394
Armando Perez-Serrato,326
Angeline Payne,306
Wayne Pope Sr,284
Doug Jenkins,264
Christin Powers,214
Stephen Lyons,188
Susan Buchser-Lochocki,179
Charles Camilleri,161
Eric Boerner,160
Tony Jones,142
Walter Clapp,141
Michael Bickelmeyer,134
Earl Jackson,129
Hirsh Singh,127
Travis Lang,124
Steven Kross,117
Suzzanna  Tanner,115
Jesus Torres,114
Daniel Imperato,110
Susan Resch,107
Alander  Pulliam,98
Robby Wells,98
Timothy Villari,77
Corey Stapleton,77
Andre  Nero,75
Jim Norris,74
Adam Nicholas Paul,74
Rollan Roberts,62
Anthony  Hudson,61
Ian Netupsky,57
