Name,Votes
Robert Kennedy Jr,2460
Chase Oliver,2355
Josh Smith,2198
Lars Mapstead,1986
Michael Rectenwald,1486
Michael Ter-Maat,1176
Donald Trump,1124
Jacob Hornberger,1019
Cornel West,634
Ron Desantis,622
Jill Stein,578
Marianne Williamson,539
Joseph Biden,469
Tom Ross,343
Nikki Haley,328
Dean Phillips,285
Andy Williams,277
Claudia De La Cruz,268
Shiva Ayyadurai,232
Cenk Uygur,171
Frank Lozada,132
Stephen Lyons,104
Jason Palmer,102
Gabriel Cornejo,91
Jorge Zavala,70
Ryan Binkley,49
Emanuel Pastreich,46
Joseph Maldonado,42
Michael Wood,30
Jimmy Cooper,21
Willie Carter,21
Michael Bickelmeyer,20
Susan Resch,15
Eric Boerner,15
Angeline Payne,14
Walter Clapp,12
Hirsh Singh,11
Terrisa Bukovinac,10
Travis Lang,10
Wayne Pope Sr,8
Charles Camilleri,7
Steven Kross,6
Corey Stapleton,5
Susan Buchser-Lochocki,4
Timothy Villari,3
Rollan Roberts,3
Armando Perez-Serrato,1
Daniel Imperato,1
Jim Norris,1
Jesus Torres,0
Christin Powers,0
Earl Jackson,0
