Name,Votes
Claudia De La Cruz,"100,314"
Cornel West,"25,672"
Jill Stein,"16,583"
Peter Sonski,"14,588"
Chase Oliver,"10,576"
Robert Kennedy Jr,"10,568"
Jasmine Sherman,"9,666"
Lars Mapstead,"9,213"
Marianne Williamson,"7,177"
Josh Smith,"7,007"
Michael Ter-Maat,"6,158"
Michael Rectenwald,"5,156"
Cenk Uygur,"5,034"
Donald Trump,"4,866"
Joseph Biden,"4,393"
Jacob Hornberger,"4,019"
Nikki Haley,"3,516"
Charles Ballay,"2,442"
Dean Phillips,"1,994"
Andy Williams,"1,940"
Joseph Afroman Foreman,"1,857"
Terrisa Bukovinac,"1,802"
Vermin  Supreme,"1,485"
Shiva Ayyadurai,"1,375"
Jorge Zavala,"1,372"
Brittany  Jones,"1,371"
Tom Ross,"1,148"
Gabriel Cornejo,875
Emanuel Pastreich,825
Frank Lozada,764
Sorinne Ardeleanu,760
Jason Palmer,488
Ryan Binkley,397
Joseph Maldonado,396
Michael Wood,371
Willie Carter,362
Robert  Cooke,337
Jimmy Cooper,315
Armando Perez-Serrato,266
Angeline Payne,203
Christin Powers,175
Wayne Pope Sr,169
Doug Jenkins,140
Stephen Lyons,125
Tony Jones,120
Walter Clapp,104
Hirsh Singh,86
Suzzanna  Tanner,79
Eric Boerner,78
Susan Resch,71
Susan Buchser-Lochocki,69
Robby Wells,68
Jesus Torres,65
Michael Bickelmeyer,64
Corey Stapleton,55
Timothy Villari,54
Charles Camilleri,53
Alander  Pulliam,52
Andre  Nero,49
Jim Norris,43
Rollan Roberts,39
Daniel Imperato,37
Anthony  Hudson,32
Ian Netupsky,32
Travis Lang,26
Steven Kross,23
Earl Jackson,21
Adam Nicholas Paul,2
