Name,Votes
Claudia De La Cruz,"102,080"
Cornel West,"27,287"
Jill Stein,"18,498"
Peter Sonski,"14,632"
Jasmine Sherman,"11,166"
Robert Kennedy Jr,"10,822"
Chase Oliver,"10,709"
Lars Mapstead,"9,510"
Marianne Williamson,"7,683"
Josh Smith,"7,040"
Michael Ter-Maat,"6,189"
Cenk Uygur,"5,470"
Michael Rectenwald,"5,192"
Donald Trump,"4,940"
Joseph Biden,"4,568"
Jacob Hornberger,"4,060"
Nikki Haley,"3,585"
Charles Ballay,"2,476"
Dean Phillips,"2,089"
Joseph Afroman Foreman,"2,018"
Andy Williams,"1,988"
Terrisa Bukovinac,"1,838"
Vermin  Supreme,"1,588"
Brittany  Jones,"1,489"
Jorge Zavala,"1,463"
Shiva Ayyadurai,"1,458"
Tom Ross,"1,169"
Gabriel Cornejo,922
Emanuel Pastreich,858
Sorinne Ardeleanu,800
Frank Lozada,778
Jason Palmer,510
Ryan Binkley,406
Joseph Maldonado,403
Michael Wood,375
Robert  Cooke,373
Willie Carter,371
Jimmy Cooper,329
Armando Perez-Serrato,277
Angeline Payne,208
Christin Powers,189
Wayne Pope Sr,189
Doug Jenkins,148
Stephen Lyons,125
Tony Jones,122
Alan Collinge,112
Walter Clapp,104
Suzzanna  Tanner,86
Hirsh Singh,86
Eric Boerner,80
Susan Resch,71
Robby Wells,70
Susan Buchser-Lochocki,70
Michael Bickelmeyer,68
Jesus Torres,65
Alander  Pulliam,62
Andre  Nero,59
Timothy Villari,57
Corey Stapleton,55
Charles Camilleri,54
Jim Norris,43
Rollan Roberts,41
Daniel Imperato,40
Ian Netupsky,39
Anthony  Hudson,36
Travis Lang,27
Steven Kross,25
Earl Jackson,21
Adam Nicholas Paul,3
