Name,Votes
Claudia De La Cruz,"106,020"
Cornel West,"29,463"
Jill Stein,"20,668"
Peter Sonski,"15,109"
Jasmine Sherman,"14,160"
Chase Oliver,"12,991"
Robert Kennedy Jr,"12,708"
Lars Mapstead,"12,624"
Marianne Williamson,"8,624"
Josh Smith,"7,680"
Michael Ter-Maat,"6,663"
Cenk Uygur,"5,933"
Joseph Biden,"5,882"
Donald Trump,"5,828"
Michael Rectenwald,"5,757"
Jacob Hornberger,"4,843"
Nikki Haley,"4,334"
Charles Ballay,"3,227"
Joseph Afroman Foreman,"2,648"
Dean Phillips,"2,456"
Alan Collinge,"2,364"
Brittany  Jones,"2,214"
Andy Williams,"2,111"
Terrisa Bukovinac,"2,038"
Vermin  Supreme,"1,985"
Jorge Zavala,"1,660"
Shiva Ayyadurai,"1,628"
Tom Ross,"1,246"
Gabriel Cornejo,"1,107"
Sorinne Ardeleanu,"1,027"
Emanuel Pastreich,979
Frank Lozada,921
Jason Palmer,542
Willie Carter,529
Ryan Binkley,514
Joseph Maldonado,476
Robert  Cooke,419
Jimmy Cooper,403
Michael Wood,384
Armando Perez-Serrato,310
Angeline Payne,272
Wayne Pope Sr,252
Doug Jenkins,232
Christin Powers,205
Stephen Lyons,150
Eric Boerner,134
Tony Jones,133
Susan Buchser-Lochocki,126
Michael Bickelmeyer,117
Walter Clapp,116
Suzzanna  Tanner,114
Hirsh Singh,114
Charles Camilleri,104
Jesus Torres,103
Travis Lang,102
Steven Kross,97
Susan Resch,96
Alander  Pulliam,94
Robby Wells,92
Earl Jackson,89
Daniel Imperato,78
Andre  Nero,72
Corey Stapleton,67
Timothy Villari,64
Jim Norris,57
Rollan Roberts,56
Anthony  Hudson,55
Adam Nicholas Paul,50
Ian Netupsky,50
