Name,Votes
Claudia De La Cruz,"101,999"
Cornel West,"27,263"
Jill Stein,"18,460"
Peter Sonski,"14,632"
Jasmine Sherman,"11,105"
Robert Kennedy Jr,"10,818"
Chase Oliver,"10,709"
Lars Mapstead,"9,510"
Marianne Williamson,"7,683"
Josh Smith,"7,040"
Michael Ter-Maat,"6,189"
Cenk Uygur,"5,461"
Michael Rectenwald,"5,192"
Donald Trump,"4,940"
Joseph Biden,"4,568"
Jacob Hornberger,"4,060"
Nikki Haley,"3,585"
Charles Ballay,"2,476"
Dean Phillips,"2,086"
Joseph Afroman Foreman,"2,014"
Andy Williams,"1,984"
Terrisa Bukovinac,"1,835"
Vermin  Supreme,"1,584"
Brittany  Jones,"1,483"
Jorge Zavala,"1,460"
Shiva Ayyadurai,"1,457"
Tom Ross,"1,169"
Gabriel Cornejo,922
Emanuel Pastreich,854
Sorinne Ardeleanu,794
Frank Lozada,778
Jason Palmer,510
Ryan Binkley,406
Joseph Maldonado,403
Michael Wood,375
Willie Carter,371
Robert  Cooke,368
Jimmy Cooper,329
Armando Perez-Serrato,277
Angeline Payne,208
Wayne Pope Sr,189
Christin Powers,188
Doug Jenkins,148
Stephen Lyons,125
Tony Jones,122
Alan Collinge,112
Walter Clapp,104
Suzzanna  Tanner,86
Hirsh Singh,86
Eric Boerner,80
Susan Resch,71
Robby Wells,70
Susan Buchser-Lochocki,70
Michael Bickelmeyer,68
Jesus Torres,65
Andre  Nero,59
Alander  Pulliam,57
Timothy Villari,57
Corey Stapleton,55
Charles Camilleri,54
Jim Norris,43
Rollan Roberts,41
Daniel Imperato,40
Ian Netupsky,39
Anthony  Hudson,36
Travis Lang,27
Steven Kross,25
Earl Jackson,21
Adam Nicholas Paul,3
